data,arbitro,local,time_A,gols_time_A,time_B,gols_time_B,jogador_time_A,jogador_time_B
01/01/2021,Arbitro 1,Local 1,Time A1,1,Time B1,1,Jogador A1,Jogador B1
01/01/2021,Arbitro 2,Local 2,Time A2,0,Time B2,2,Jogador A2,Jogador B2
01/01/2021,Arbitro 3,Local 3,Time A3,1,Time B3,0,Jogador A3,Jogador B3
01/01/2021,Arbitro 4,Local 4,Time A4,0,Time B4,1,Jogador A4,Jogador B4
01/01/2021,Arbitro 5,Local 5,Time A5,1,Time B5,2,Jogador A5,Jogador B5
01/01/2021,Arbitro 6,Local 6,Time A6,0,Time B6,0,Jogador A6,Jogador B6
01/01/2021,Arbitro 7,Local 7,Time A7,1,Time B7,1,Jogador A7,Jogador B7
01/01/2021,Arbitro 8,Local 8,Time A8,0,Time B8,2,Jogador A8,Jogador B8
01/01/2021,Arbitro 9,Local 9,Time A9,1,Time B9,0,Jogador A9,Jogador B9
01/01/2021,Arbitro 10,Local 10,Time A10,0,Time B10,1,Jogador A10,Jogador B10
01/01/2021,Arbitro 11,Local 11,Time A11,1,Time B11,2,Jogador A11,Jogador B11
01/01/2021,Arbitro 12,Local 12,Time A12,0,Time B12,0,Jogador A12,Jogador B12
01/01/2021,Arbitro 13,Local 13,Time A13,1,Time B13,1,Jogador A13,Jogador B13
01/01/2021,Arbitro 14,Local 14,Time A14,0,Time B14,2,Jogador A14,Jogador B14
01/01/2021,Arbitro 15,Local 15,Time A15,1,Time B15,0,Jogador A15,Jogador B15
01/01/2021,Arbitro 16,Local 16,Time A16,0,Time B16,1,Jogador A16,Jogador B16
01/01/2021,Arbitro 17,Local 17,Time A17,1,Time B17,2,Jogador A17,Jogador B17
01/01/2021,Arbitro 18,Local 18,Time A18,0,Time B18,0,Jogador A18,Jogador B18
01/01/2021,Arbitro 19,Local 19,Time A19,1,Time B19,1,Jogador A19,Jogador B19
01/01/2021,Arbitro 20,Local 20,Time A20,0,Time B20,2,Jogador A20,Jogador B20
01/01/2021,Arbitro 21,Local 21,Time A21,1,Time B21,0,Jogador A21,Jogador B21
01/01/2021,Arbitro 22,Local 22,Time A22,0,Time B22,1,Jogador A22,Jogador B22
01/01/2021,Arbitro 23,Local 23,Time A23,1,Time B23,2,Jogador A23,Jogador B23
01/01/2021,Arbitro 24,Local 24,Time A24,0,Time B24,0,Jogador A24,Jogador B24
01/01/2021,Arbitro 25,Local 25,Time A25,1,Time B25,1,Jogador A25,Jogador B25
01/01/2021,Arbitro 26,Local 26,Time A26,0,Time B26,2,Jogador A26,Jogador B26
01/01/2021,Arbitro 27,Local 27,Time A27,1,Time B27,0,Jogador A27,Jogador B27
01/01/2021,Arbitro 28,Local 28,Time A28,0,Time B28,1,Jogador A28,Jogador B28
01/01/2021,Arbitro 29,Local 29,Time A29,1,Time B29,2,Jogador A29,Jogador B29
01/01/2021,Arbitro 30,Local 30,Time A30,0,Time B30,0,Jogador A30,Jogador B30
01/01/2021,Arbitro 31,Local 31,Time A31,1,Time B31,1,Jogador A31,Jogador B31
01/01/2021,Arbitro 32,Local 32,Time A32,0,Time B32,2,Jogador A32,Jogador B32
01/01/2021,Arbitro 33,Local 33,Time A33,1,Time B33,0,Jogador A33,Jogador B33
01/01/2021,Arbitro 34,Local 34,Time A34,0,Time B34,1,Jogador A34,Jogador B34
01/01/2021,Arbitro 35,Local 35,Time A35,1,Time B35,2,Jogador A35,Jogador B35
01/01/2021,Arbitro 36,Local 36,Time A36,0,Time B36,0,Jogador A36,Jogador B36
01/01/2021,Arbitro 37,Local 37,Time A37,1,Time B37,1,Jogador A37,Jogador B37
01/01/2021,Arbitro 38,Local 38,Time A38,0,Time B38,2,Jogador A38,Jogador B38
01/01/2021,Arbitro 39,Local 39,Time A39,1,Time B39,0,Jogador A39,Jogador B39
01/01/2021,Arbitro 40,Local 40,Time A40,0,Time B40,1,Jogador A40,Jogador B40
01/01/2021,Arbitro 41,Local 41,Time A41,1,Time B41,2,Jogador A41,Jogador B41
01/01/2021,Arbitro 42,Local 42,Time A42,0,Time B42,0,Jogador A42,Jogador B42
01/01/2021,Arbitro 43,Local 43,Time A43,1,Time B43,1,Jogador A43,Jogador B43
01/01/2021,Arbitro 44,Local 44,Time A44,0,Time B44,2,Jogador A44,Jogador B44
01/01/2021,Arbitro 45,Local 45,Time A45,1,Time B45,0,Jogador A45,Jogador B45
01/01/2021,Arbitro 46,Local 46,Time A46,0,Time B46,1,Jogador A46,Jogador B46
01/01/2021,Arbitro 47,Local 47,Time A47,1,Time B47,2,Jogador A47,Jogador B47
01/01/2021,Arbitro 48,Local 48,Time A48,0,Time B48,0,Jogador A48,Jogador B48
01/01/2021,Arbitro 49,Local 49,Time A49,1,Time B49,1,Jogador A49,Jogador B49
01/01/2021,Arbitro 50,Local 50,Time A50,0,Time B50,2,Jogador A50,Jogador B50
01/01/2021,Arbitro 51,Local 51,Time A51,1,Time B51,0,Jogador A51,Jogador B51
01/01/2021,Arbitro 52,Local 52,Time A52,0,Time B52,1,Jogador A52,Jogador B52
01/01/2021,Arbitro 53,Local 53,Time A53,1,Time B53,2,Jogador A53,Jogador B53
01/01/2021,Arbitro 54,Local 54,Time A54,0,Time B54,0,Jogador A54,Jogador B54
01/01/2021,Arbitro 55,Local 55,Time A55,1,Time B55,1,Jogador A55,Jogador B55
01/01/2021,Arbitro 56,Local 56,Time A56,0,Time B56,2,Jogador A56,Jogador B56
01/01/2021,Arbitro 57,Local 57,Time A57,1,Time B57,0,Jogador A57,Jogador B57
01/01/2021,Arbitro 58,Local 58,Time A58,0,Time B58,1,Jogador A58,Jogador B58
01/01/2021,Arbitro 59,Local 59,Time A59,1,Time B59,2,Jogador A59,Jogador B59
01/01/2021,Arbitro 60,Local 60,Time A60,0,Time B60,0,Jogador A60,Jogador B60
01/01/2021,Arbitro 61,Local 61,Time A61,1,Time B61,1,Jogador A61,Jogador B61
01/01/2021,Arbitro 62,Local 62,Time A62,0,Time B62,2,Jogador A62,Jogador B62
01/01/2021,Arbitro 63,Local 63,Time A63,1,Time B63,0,Jogador A63,Jogador B63
01/01/2021,Arbitro 64,Local 64,Time A64,0,Time B64,1,Jogador A64,Jogador B64
01/01/2021,Arbitro 65,Local 65,Time A65,1,Time B65,2,Jogador A65,Jogador B65
01/01/2021,Arbitro 66,Local 66,Time A66,0,Time B66,0,Jogador A66,Jogador B66
01/01/2021,Arbitro 67,Local 67,Time A67,1,Time B67,1,Jogador A67,Jogador B67
01/01/2021,Arbitro 68,Local 68,Time A68,0,Time B68,2,Jogador A68,Jogador B68
01/01/2021,Arbitro 69,Local 69,Time A69,1,Time B69,0,Jogador A69,Jogador B69
01/01/2021,Arbitro 70,Local 70,Time A70,0,Time B70,1,Jogador A70,Jogador B70
01/01/2021,Arbitro 71,Local 71,Time A71,1,Time B71,2,Jogador A71,Jogador B71
01/01/2021,Arbitro 72,Local 72,Time A72,0,Time B72,0,Jogador A72,Jogador B72
01/01/2021,Arbitro 73,Local 73,Time A73,1,Time B73,1,Jogador A73,Jogador B73
01/01/2021,Arbitro 74,Local 74,Time A74,0,Time B74,2,Jogador A74,Jogador B74
01/01/2021,Arbitro 75,Local 75,Time A75,1,Time B75,0,Jogador A75,Jogador B75
01/01/2021,Arbitro 76,Local 76,Time A76,0,Time B76,1,Jogador A76,Jogador B76
01/01/2021,Arbitro 77,Local 77,Time A77,1,Time B77,2,Jogador A77,Jogador B77
01/01/2021,Arbitro 78,Local 78,Time A78,0,Time B78,0,Jogador A78,Jogador B78
01/01/2021,Arbitro 79,Local 79,Time A79,1,Time B79,1,Jogador A79,Jogador B79
01/01/2021,Arbitro 80,Local 80,Time A80,0,Time B80,2,Jogador A80,Jogador B80
01/01/2021,Arbitro 81,Local 81,Time A81,1,Time B81,0,Jogador A81,Jogador B81
01/01/2021,Arbitro 82,Local 82,Time A82,0,Time B82,1,Jogador A82,Jogador B82
01/01/2021,Arbitro 83,Local 83,Time A83,1,Time B83,2,Jogador A83,Jogador B83
01/01/2021,Arbitro 84,Local 84,Time A84,0,Time B84,0,Jogador A84,Jogador B84
01/01/2021,Arbitro 85,Local 85,Time A85,1,Time B85,1,Jogador A85,Jogador B85
01/01/2021,Arbitro 86,Local 86,Time A86,0,Time B86,2,Jogador A86,Jogador B86
01/01/2021,Arbitro 87,Local 87,Time A87,1,Time B87,0,Jogador A87,Jogador B87
01/01/2021,Arbitro 88,Local 88,Time A88,0,Time B88,1,Jogador A88,Jogador B88
01/01/2021,Arbitro 89,Local 89,Time A89,1,Time B89,2,Jogador A89,Jogador B89
01/01/2021,Arbitro 90,Local 90,Time A90,0,Time B90,0,Jogador A90,Jogador B90
01/01/2021,Arbitro 91,Local 91,Time A91,1,Time B91,1,Jogador A91,Jogador B91
01/01/2021,Arbitro 92,Local 92,Time A92,0,Time B92,2,Jogador A92,Jogador B92
01/01/2021,Arbitro 93,Local 93,Time A93,1,Time B93,0,Jogador A93,Jogador B93
01/01/2021,Arbitro 94,Local 94,Time A94,0,Time B94,1,Jogador A94,Jogador B94
01/01/2021,Arbitro 95,Local 95,Time A95,1,Time B95,2,Jogador A95,Jogador B95
01/01/2021,Arbitro 96,Local 96,Time A96,0,Time B96,0,Jogador A96,Jogador B96
01/01/2021,Arbitro 97,Local 97,Time A97,1,Time B97,1,Jogador A97,Jogador B97
01/01/2021,Arbitro 98,Local 98,Time A98,0,Time B98,2,Jogador A98,Jogador B98
01/01/2021,Arbitro 99,Local 99,Time A99,1,Time B99,0,Jogador A99,Jogador B99
01/01/2021,Arbitro 100,Local 100,Time A100,0,Time B100,1,Jogador A100,Jogador B100
01/01/2021,Arbitro 101,Local 101,Time A101,1,Time B101,2,Jogador A101,Jogador B101
01/01/2021,Arbitro 102,Local 102,Time A102,0,Time B102,0,Jogador A102,Jogador B102
01/01/2021,Arbitro 103,Local 103,Time A103,1,Time B103,1,Jogador A103,Jogador B103
01/01/2021,Arbitro 104,Local 104,Time A104,0,Time B104,2,Jogador A104,Jogador B104
01/01/2021,Arbitro 105,Local 105,Time A105,1,Time B105,0,Jogador A105,Jogador B105
01/01/2021,Arbitro 106,Local 106,Time A106,0,Time B106,1,Jogador A106,Jogador B106
01/01/2021,Arbitro 107,Local 107,Time A107,1,Time B107,2,Jogador A107,Jogador B107
01/01/2021,Arbitro 108,Local 108,Time A108,0,Time B108,0,Jogador A108,Jogador B108
01/01/2021,Arbitro 109,Local 109,Time A109,1,Time B109,1,Jogador A109,Jogador B109
01/01/2021,Arbitro 110,Local 110,Time A110,0,Time B110,2,Jogador A110,Jogador B110
01/01/2021,Arbitro 111,Local 111,Time A111,1,Time B111,0,Jogador A111,Jogador B111
01/01/2021,Arbitro 112,Local 112,Time A112,0,Time B112,1,Jogador A112,Jogador B112
01/01/2021,Arbitro 113,Local 113,Time A113,1,Time B113,2,Jogador A113,Jogador B113
01/01/2021,Arbitro 114,Local 114,Time A114,0,Time B114,0,Jogador A114,Jogador B114
01/01/2021,Arbitro 115,Local 115,Time A115,1,Time B115,1,Jogador A115,Jogador B115
01/01/2021,Arbitro 116,Local 116,Time A116,0,Time B116,2,Jogador A116,Jogador B116
01/01/2021,Arbitro 117,Local 117,Time A117,1,Time B117,0,Jogador A117,Jogador B117
01/01/2021,Arbitro 118,Local 118,Time A118,0,Time B118,1,Jogador A118,Jogador B118
01/01/2021,Arbitro 119,Local 119,Time A119,1,Time B119,2,Jogador A119,Jogador B119
01/01/2021,Arbitro 120,Local 120,Time A120,0,Time B120,0,Jogador A120,Jogador B120
01/01/2021,Arbitro 121,Local 121,Time A121,1,Time B121,1,Jogador A121,Jogador B121
01/01/2021,Arbitro 122,Local 122,Time A122,0,Time B122,2,Jogador A122,Jogador B122
01/01/2021,Arbitro 123,Local 123,Time A123,1,Time B123,0,Jogador A123,Jogador B123
01/01/2021,Arbitro 124,Local 124,Time A124,0,Time B124,1,Jogador A124,Jogador B124
01/01/2021,Arbitro 125,Local 125,Time A125,1,Time B125,2,Jogador A125,Jogador B125
01/01/2021,Arbitro 126,Local 126,Time A126,0,Time B126,0,Jogador A126,Jogador B126
01/01/2021,Arbitro 127,Local 127,Time A127,1,Time B127,1,Jogador A127,Jogador B127
01/01/2021,Arbitro 128,Local 128,Time A128,0,Time B128,2,Jogador A128,Jogador B128
01/01/2021,Arbitro 129,Local 129,Time A129,1,Time B129,0,Jogador A129,Jogador B129
01/01/2021,Arbitro 130,Local 130,Time A130,0,Time B130,1,Jogador A130,Jogador B130
01/01/2021,Arbitro 131,Local 131,Time A131,1,Time B131,2,Jogador A131,Jogador B131
01/01/2021,Arbitro 132,Local 132,Time A132,0,Time B132,0,Jogador A132,Jogador B132
01/01/2021,Arbitro 133,Local 133,Time A133,1,Time B133,1,Jogador A133,Jogador B133
01/01/2021,Arbitro 134,Local 134,Time A134,0,Time B134,2,Jogador A134,Jogador B134
01/01/2021,Arbitro 135,Local 135,Time A135,1,Time B135,0,Jogador A135,Jogador B135
01/01/2021,Arbitro 136,Local 136,Time A136,0,Time B136,1,Jogador A136,Jogador B136
01/01/2021,Arbitro 137,Local 137,Time A137,1,Time B137,2,Jogador A137,Jogador B137
01/01/2021,Arbitro 138,Local 138,Time A138,0,Time B138,0,Jogador A138,Jogador B138
01/01/2021,Arbitro 139,Local 139,Time A139,1,Time B139,1,Jogador A139,Jogador B139
01/01/2021,Arbitro 140,Local 140,Time A140,0,Time B140,2,Jogador A140,Jogador B140
01/01/2021,Arbitro 141,Local 141,Time A141,1,Time B141,0,Jogador A141,Jogador B141
01/01/2021,Arbitro 142,Local 142,Time A142,0,Time B142,1,Jogador A142,Jogador B142
01/01/2021,Arbitro 143,Local 143,Time A143,1,Time B143,2,Jogador A143,Jogador B143
01/01/2021,Arbitro 144,Local 144,Time A144,0,Time B144,0,Jogador A144,Jogador B144
01/01/2021,Arbitro 145,Local 145,Time A145,1,Time B145,1,Jogador A145,Jogador B145
01/01/2021,Arbitro 146,Local 146,Time A146,0,Time B146,2,Jogador A146,Jogador B146
01/01/2021,Arbitro 147,Local 147,Time A147,1,Time B147,0,Jogador A147,Jogador B147
01/01/2021,Arbitro 148,Local 148,Time A148,0,Time B148,1,Jogador A148,Jogador B148
01/01/2021,Arbitro 149,Local 149,Time A149,1,Time B149,2,Jogador A149,Jogador B149
01/01/2021,Arbitro 150,Local 150,Time A150,0,Time B150,0,Jogador A150,Jogador B150
01/01/2021,Arbitro 151,Local 151,Time A151,1,Time B151,1,Jogador A151,Jogador B151
01/01/2021,Arbitro 152,Local 152,Time A152,0,Time B152,2,Jogador A152,Jogador B152
01/01/2021,Arbitro 153,Local 153,Time A153,1,Time B153,0,Jogador A153,Jogador B153
01/01/2021,Arbitro 154,Local 154,Time A154,0,Time B154,1,Jogador A154,Jogador B154
01/01/2021,Arbitro 155,Local 155,Time A155,1,Time B155,2,Jogador A155,Jogador B155
01/01/2021,Arbitro 156,Local 156,Time A156,0,Time B156,0,Jogador A156,Jogador B156
01/01/2021,Arbitro 157,Local 157,Time A157,1,Time B157,1,Jogador A157,Jogador B157
01/01/2021,Arbitro 158,Local 158,Time A158,0,Time B158,2,Jogador A158,Jogador B158
01/01/2021,Arbitro 159,Local 159,Time A159,1,Time B159,0,Jogador A159,Jogador B159
01/01/2021,Arbitro 160,Local 160,Time A160,0,Time B160,1,Jogador A160,Jogador B160
01/01/2021,Arbitro 161,Local 161,Time A161,1,Time B161,2,Jogador A161,Jogador B161
01/01/2021,Arbitro 162,Local 162,Time A162,0,Time B162,0,Jogador A162,Jogador B162
01/01/2021,Arbitro 163,Local 163,Time A163,1,Time B163,1,Jogador A163,Jogador B163
01/01/2021,Arbitro 164,Local 164,Time A164,0,Time B164,2,Jogador A164,Jogador B164
01/01/2021,Arbitro 165,Local 165,Time A165,1,Time B165,0,Jogador A165,Jogador B165
01/01/2021,Arbitro 166,Local 166,Time A166,0,Time B166,1,Jogador A166,Jogador B166
01/01/2021,Arbitro 167,Local 167,Time A167,1,Time B167,2,Jogador A167,Jogador B167
01/01/2021,Arbitro 168,Local 168,Time A168,0,Time B168,0,Jogador A168,Jogador B168
01/01/2021,Arbitro 169,Local 169,Time A169,1,Time B169,1,Jogador A169,Jogador B169
01/01/2021,Arbitro 170,Local 170,Time A170,0,Time B170,2,Jogador A170,Jogador B170
01/01/2021,Arbitro 171,Local 171,Time A171,1,Time B171,0,Jogador A171,Jogador B171
01/01/2021,Arbitro 172,Local 172,Time A172,0,Time B172,1,Jogador A172,Jogador B172
01/01/2021,Arbitro 173,Local 173,Time A173,1,Time B173,2,Jogador A173,Jogador B173
01/01/2021,Arbitro 174,Local 174,Time A174,0,Time B174,0,Jogador A174,Jogador B174
01/01/2021,Arbitro 175,Local 175,Time A175,1,Time B175,1,Jogador A175,Jogador B175
01/01/2021,Arbitro 176,Local 176,Time A176,0,Time B176,2,Jogador A176,Jogador B176
01/01/2021,Arbitro 177,Local 177,Time A177,1,Time B177,0,Jogador A177,Jogador B177
01/01/2021,Arbitro 178,Local 178,Time A178,0,Time B178,1,Jogador A178,Jogador B178
01/01/2021,Arbitro 179,Local 179,Time A179,1,Time B179,2,Jogador A179,Jogador B179
01/01/2021,Arbitro 180,Local 180,Time A180,0,Time B180,0,Jogador A180,Jogador B180
01/01/2021,Arbitro 181,Local 181,Time A181,1,Time B181,1,Jogador A181,Jogador B181
01/01/2021,Arbitro 182,Local 182,Time A182,0,Time B182,2,Jogador A182,Jogador B182
01/01/2021,Arbitro 183,Local 183,Time A183,1,Time B183,0,Jogador A183,Jogador B183
01/01/2021,Arbitro 184,Local 184,Time A184,0,Time B184,1,Jogador A184,Jogador B184
01/01/2021,Arbitro 185,Local 185,Time A185,1,Time B185,2,Jogador A185,Jogador B185
01/01/2021,Arbitro 186,Local 186,Time A186,0,Time B186,0,Jogador A186,Jogador B186
01/01/2021,Arbitro 187,Local 187,Time A187,1,Time B187,1,Jogador A187,Jogador B187
01/01/2021,Arbitro 188,Local 188,Time A188,0,Time B188,2,Jogador A188,Jogador B188
01/01/2021,Arbitro 189,Local 189,Time A189,1,Time B189,0,Jogador A189,Jogador B189
01/01/2021,Arbitro 190,Local 190,Time A190,0,Time B190,1,Jogador A190,Jogador B190
01/01/2021,Arbitro 191,Local 191,Time A191,1,Time B191,2,Jogador A191,Jogador B191
01/01/2021,Arbitro 192,Local 192,Time A192,0,Time B192,0,Jogador A192,Jogador B192
01/01/2021,Arbitro 193,Local 193,Time A193,1,Time B193,1,Jogador A193,Jogador B193
01/01/2021,Arbitro 194,Local 194,Time A194,0,Time B194,2,Jogador A194,Jogador B194
01/01/2021,Arbitro 195,Local 195,Time A195,1,Time B195,0,Jogador A195,Jogador B195
01/01/2021,Arbitro 196,Local 196,Time A196,0,Time B196,1,Jogador A196,Jogador B196
01/01/2021,Arbitro 197,Local 197,Time A197,1,Time B197,2,Jogador A197,Jogador B197
01/01/2021,Arbitro 198,Local 198,Time A198,0,Time B198,0,Jogador A198,Jogador B198
01/01/2021,Arbitro 199,Local 199,Time A199,1,Time B199,1,Jogador A199,Jogador B199
01/01/2021,Arbitro 200,Local 200,Time A200,0,Time B200,2,Jogador A200,Jogador B200
01/01/2021,Arbitro 201,Local 201,Time A201,1,Time B201,0,Jogador A201,Jogador B201
01/01/2021,Arbitro 202,Local 202,Time A202,0,Time B202,1,Jogador A202,Jogador B202
01/01/2021,Arbitro 203,Local 203,Time A203,1,Time B203,2,Jogador A203,Jogador B203
01/01/2021,Arbitro 204,Local 204,Time A204,0,Time B204,0,Jogador A204,Jogador B204
01/01/2021,Arbitro 205,Local 205,Time A205,1,Time B205,1,Jogador A205,Jogador B205
01/01/2021,Arbitro 206,Local 206,Time A206,0,Time B206,2,Jogador A206,Jogador B206
01/01/2021,Arbitro 207,Local 207,Time A207,1,Time B207,0,Jogador A207,Jogador B207
01/01/2021,Arbitro 208,Local 208,Time A208,0,Time B208,1,Jogador A208,Jogador B208
01/01/2021,Arbitro 209,Local 209,Time A209,1,Time B209,2,Jogador A209,Jogador B209
01/01/2021,Arbitro 210,Local 210,Time A210,0,Time B210,0,Jogador A210,Jogador B210
01/01/2021,Arbitro 211,Local 211,Time A211,1,Time B211,1,Jogador A211,Jogador B211
01/01/2021,Arbitro 212,Local 212,Time A212,0,Time B212,2,Jogador A212,Jogador B212
01/01/2021,Arbitro 213,Local 213,Time A213,1,Time B213,0,Jogador A213,Jogador B213
01/01/2021,Arbitro 214,Local 214,Time A214,0,Time B214,1,Jogador A214,Jogador B214
01/01/2021,Arbitro 215,Local 215,Time A215,1,Time B215,2,Jogador A215,Jogador B215
01/01/2021,Arbitro 216,Local 216,Time A216,0,Time B216,0,Jogador A216,Jogador B216
01/01/2021,Arbitro 217,Local 217,Time A217,1,Time B217,1,Jogador A217,Jogador B217
01/01/2021,Arbitro 218,Local 218,Time A218,0,Time B218,2,Jogador A218,Jogador B218
01/01/2021,Arbitro 219,Local 219,Time A219,1,Time B219,0,Jogador A219,Jogador B219
01/01/2021,Arbitro 220,Local 220,Time A220,0,Time B220,1,Jogador A220,Jogador B220
01/01/2021,Arbitro 221,Local 221,Time A221,1,Time B221,2,Jogador A221,Jogador B221
01/01/2021,Arbitro 222,Local 222,Time A222,0,Time B222,0,Jogador A222,Jogador B222
01/01/2021,Arbitro 223,Local 223,Time A223,1,Time B223,1,Jogador A223,Jogador B223
01/01/2021,Arbitro 224,Local 224,Time A224,0,Time B224,2,Jogador A224,Jogador B224
01/01/2021,Arbitro 225,Local 225,Time A225,1,Time B225,0,Jogador A225,Jogador B225
01/01/2021,Arbitro 226,Local 226,Time A226,0,Time B226,1,Jogador A226,Jogador B226
01/01/2021,Arbitro 227,Local 227,Time A227,1,Time B227,2,Jogador A227,Jogador B227
01/01/2021,Arbitro 228,Local 228,Time A228,0,Time B228,0,Jogador A228,Jogador B228
01/01/2021,Arbitro 229,Local 229,Time A229,1,Time B229,1,Jogador A229,Jogador B229
01/01/2021,Arbitro 230,Local 230,Time A230,0,Time B230,2,Jogador A230,Jogador B230
01/01/2021,Arbitro 231,Local 231,Time A231,1,Time B231,0,Jogador A231,Jogador B231
01/01/2021,Arbitro 232,Local 232,Time A232,0,Time B232,1,Jogador A232,Jogador B232
01/01/2021,Arbitro 233,Local 233,Time A233,1,Time B233,2,Jogador A233,Jogador B233
01/01/2021,Arbitro 234,Local 234,Time A234,0,Time B234,0,Jogador A234,Jogador B234
01/01/2021,Arbitro 235,Local 235,Time A235,1,Time B235,1,Jogador A235,Jogador B235
01/01/2021,Arbitro 236,Local 236,Time A236,0,Time B236,2,Jogador A236,Jogador B236
01/01/2021,Arbitro 237,Local 237,Time A237,1,Time B237,0,Jogador A237,Jogador B237
01/01/2021,Arbitro 238,Local 238,Time A238,0,Time B238,1,Jogador A238,Jogador B238
01/01/2021,Arbitro 239,Local 239,Time A239,1,Time B239,2,Jogador A239,Jogador B239
01/01/2021,Arbitro 240,Local 240,Time A240,0,Time B240,0,Jogador A240,Jogador B240
01/01/2021,Arbitro 241,Local 241,Time A241,1,Time B241,1,Jogador A241,Jogador B241
01/01/2021,Arbitro 242,Local 242,Time A242,0,Time B242,2,Jogador A242,Jogador B242
01/01/2021,Arbitro 243,Local 243,Time A243,1,Time B243,0,Jogador A243,Jogador B243
01/01/2021,Arbitro 244,Local 244,Time A244,0,Time B244,1,Jogador A244,Jogador B244
01/01/2021,Arbitro 245,Local 245,Time A245,1,Time B245,2,Jogador A245,Jogador B245
01/01/2021,Arbitro 246,Local 246,Time A246,0,Time B246,0,Jogador A246,Jogador B246
01/01/2021,Arbitro 247,Local 247,Time A247,1,Time B247,1,Jogador A247,Jogador B247
01/01/2021,Arbitro 248,Local 248,Time A248,0,Time B248,2,Jogador A248,Jogador B248
01/01/2021,Arbitro 249,Local 249,Time A249,1,Time B249,0,Jogador A249,Jogador B249
01/01/2021,Arbitro 250,Local 250,Time A250,0,Time B250,1,Jogador A250,Jogador B250
01/01/2021,Arbitro 251,Local 251,Time A251,1,Time B251,2,Jogador A251,Jogador B251
01/01/2021,Arbitro 252,Local 252,Time A252,0,Time B252,0,Jogador A252,Jogador B252
01/01/2021,Arbitro 253,Local 253,Time A253,1,Time B253,1,Jogador A253,Jogador B253
01/01/2021,Arbitro 254,Local 254,Time A254,0,Time B254,2,Jogador A254,Jogador B254
01/01/2021,Arbitro 255,Local 255,Time A255,1,Time B255,0,Jogador A255,Jogador B255
01/01/2021,Arbitro 256,Local 256,Time A256,0,Time B256,1,Jogador A256,Jogador B256
01/01/2021,Arbitro 257,Local 257,Time A257,1,Time B257,2,Jogador A257,Jogador B257
01/01/2021,Arbitro 258,Local 258,Time A258,0,Time B258,0,Jogador A258,Jogador B258
01/01/2021,Arbitro 259,Local 259,Time A259,1,Time B259,1,Jogador A259,Jogador B259
01/01/2021,Arbitro 260,Local 260,Time A260,0,Time B260,2,Jogador A260,Jogador B260
01/01/2021,Arbitro 261,Local 261,Time A261,1,Time B261,0,Jogador A261,Jogador B261
01/01/2021,Arbitro 262,Local 262,Time A262,0,Time B262,1,Jogador A262,Jogador B262
01/01/2021,Arbitro 263,Local 263,Time A263,1,Time B263,2,Jogador A263,Jogador B263
01/01/2021,Arbitro 264,Local 264,Time A264,0,Time B264,0,Jogador A264,Jogador B264
01/01/2021,Arbitro 265,Local 265,Time A265,1,Time B265,1,Jogador A265,Jogador B265
01/01/2021,Arbitro 266,Local 266,Time A266,0,Time B266,2,Jogador A266,Jogador B266
01/01/2021,Arbitro 267,Local 267,Time A267,1,Time B267,0,Jogador A267,Jogador B267
01/01/2021,Arbitro 268,Local 268,Time A268,0,Time B268,1,Jogador A268,Jogador B268
01/01/2021,Arbitro 269,Local 269,Time A269,1,Time B269,2,Jogador A269,Jogador B269
01/01/2021,Arbitro 270,Local 270,Time A270,0,Time B270,0,Jogador A270,Jogador B270
01/01/2021,Arbitro 271,Local 271,Time A271,1,Time B271,1,Jogador A271,Jogador B271
01/01/2021,Arbitro 272,Local 272,Time A272,0,Time B272,2,Jogador A272,Jogador B272
01/01/2021,Arbitro 273,Local 273,Time A273,1,Time B273,0,Jogador A273,Jogador B273
01/01/2021,Arbitro 274,Local 274,Time A274,0,Time B274,1,Jogador A274,Jogador B274
01/01/2021,Arbitro 275,Local 275,Time A275,1,Time B275,2,Jogador A275,Jogador B275
01/01/2021,Arbitro 276,Local 276,Time A276,0,Time B276,0,Jogador A276,Jogador B276
01/01/2021,Arbitro 277,Local 277,Time A277,1,Time B277,1,Jogador A277,Jogador B277
01/01/2021,Arbitro 278,Local 278,Time A278,0,Time B278,2,Jogador A278,Jogador B278
01/01/2021,Arbitro 279,Local 279,Time A279,1,Time B279,0,Jogador A279,Jogador B279
01/01/2021,Arbitro 280,Local 280,Time A280,0,Time B280,1,Jogador A280,Jogador B280
01/01/2021,Arbitro 281,Local 281,Time A281,1,Time B281,2,Jogador A281,Jogador B281
01/01/2021,Arbitro 282,Local 282,Time A282,0,Time B282,0,Jogador A282,Jogador B282
01/01/2021,Arbitro 283,Local 283,Time A283,1,Time B283,1,Jogador A283,Jogador B283
01/01/2021,Arbitro 284,Local 284,Time A284,0,Time B284,2,Jogador A284,Jogador B284
01/01/2021,Arbitro 285,Local 285,Time A285,1,Time B285,0,Jogador A285,Jogador B285
01/01/2021,Arbitro 286,Local 286,Time A286,0,Time B286,1,Jogador A286,Jogador B286
01/01/2021,Arbitro 287,Local 287,Time A287,1,Time B287,2,Jogador A287,Jogador B287
01/01/2021,Arbitro 288,Local 288,Time A288,0,Time B288,0,Jogador A288,Jogador B288
01/01/2021,Arbitro 289,Local 289,Time A289,1,Time B289,1,Jogador A289,Jogador B289
01/01/2021,Arbitro 290,Local 290,Time A290,0,Time B290,2,Jogador A290,Jogador B290
01/01/2021,Arbitro 291,Local 291,Time A291,1,Time B291,0,Jogador A291,Jogador B291
01/01/2021,Arbitro 292,Local 292,Time A292,0,Time B292,1,Jogador A292,Jogador B292
01/01/2021,Arbitro 293,Local 293,Time A293,1,Time B293,2,Jogador A293,Jogador B293
01/01/2021,Arbitro 294,Local 294,Time A294,0,Time B294,0,Jogador A294,Jogador B294
01/01/2021,Arbitro 295,Local 295,Time A295,1,Time B295,1,Jogador A295,Jogador B295
01/01/2021,Arbitro 296,Local 296,Time A296,0,Time B296,2,Jogador A296,Jogador B296
01/01/2021,Arbitro 297,Local 297,Time A297,1,Time B297,0,Jogador A297,Jogador B297
01/01/2021,Arbitro 298,Local 298,Time A298,0,Time B298,1,Jogador A298,Jogador B298
01/01/2021,Arbitro 299,Local 299,Time A299,1,Time B299,2,Jogador A299,Jogador B299
01/01/2021,Arbitro 300,Local 300,Time A300,0,Time B300,0,Jogador A300,Jogador B300
01/01/2021,Arbitro 301,Local 301,Time A301,1,Time B301,1,Jogador A301,Jogador B301
01/01/2021,Arbitro 302,Local 302,Time A302,0,Time B302,2,Jogador A302,Jogador B302
01/01/2021,Arbitro 303,Local 303,Time A303,1,Time B303,0,Jogador A303,Jogador B303
01/01/2021,Arbitro 304,Local 304,Time A304,0,Time B304,1,Jogador A304,Jogador B304
01/01/2021,Arbitro 305,Local 305,Time A305,1,Time B305,2,Jogador A305,Jogador B305
01/01/2021,Arbitro 306,Local 306,Time A306,0,Time B306,0,Jogador A306,Jogador B306
01/01/2021,Arbitro 307,Local 307,Time A307,1,Time B307,1,Jogador A307,Jogador B307
01/01/2021,Arbitro 308,Local 308,Time A308,0,Time B308,2,Jogador A308,Jogador B308
01/01/2021,Arbitro 309,Local 309,Time A309,1,Time B309,0,Jogador A309,Jogador B309
01/01/2021,Arbitro 310,Local 310,Time A310,0,Time B310,1,Jogador A310,Jogador B310
01/01/2021,Arbitro 311,Local 311,Time A311,1,Time B311,2,Jogador A311,Jogador B311
01/01/2021,Arbitro 312,Local 312,Time A312,0,Time B312,0,Jogador A312,Jogador B312
01/01/2021,Arbitro 313,Local 313,Time A313,1,Time B313,1,Jogador A313,Jogador B313
01/01/2021,Arbitro 314,Local 314,Time A314,0,Time B314,2,Jogador A314,Jogador B314
01/01/2021,Arbitro 315,Local 315,Time A315,1,Time B315,0,Jogador A315,Jogador B315
01/01/2021,Arbitro 316,Local 316,Time A316,0,Time B316,1,Jogador A316,Jogador B316
01/01/2021,Arbitro 317,Local 317,Time A317,1,Time B317,2,Jogador A317,Jogador B317
01/01/2021,Arbitro 318,Local 318,Time A318,0,Time B318,0,Jogador A318,Jogador B318
01/01/2021,Arbitro 319,Local 319,Time A319,1,Time B319,1,Jogador A319,Jogador B319
01/01/2021,Arbitro 320,Local 320,Time A320,0,Time B320,2,Jogador A320,Jogador B320
01/01/2021,Arbitro 321,Local 321,Time A321,1,Time B321,0,Jogador A321,Jogador B321
01/01/2021,Arbitro 322,Local 322,Time A322,0,Time B322,1,Jogador A322,Jogador B322
01/01/2021,Arbitro 323,Local 323,Time A323,1,Time B323,2,Jogador A323,Jogador B323
01/01/2021,Arbitro 324,Local 324,Time A324,0,Time B324,0,Jogador A324,Jogador B324
01/01/2021,Arbitro 325,Local 325,Time A325,1,Time B325,1,Jogador A325,Jogador B325
01/01/2021,Arbitro 326,Local 326,Time A326,0,Time B326,2,Jogador A326,Jogador B326
01/01/2021,Arbitro 327,Local 327,Time A327,1,Time B327,0,Jogador A327,Jogador B327
01/01/2021,Arbitro 328,Local 328,Time A328,0,Time B328,1,Jogador A328,Jogador B328
01/01/2021,Arbitro 329,Local 329,Time A329,1,Time B329,2,Jogador A329,Jogador B329
01/01/2021,Arbitro 330,Local 330,Time A330,0,Time B330,0,Jogador A330,Jogador B330
01/01/2021,Arbitro 331,Local 331,Time A331,1,Time B331,1,Jogador A331,Jogador B331
01/01/2021,Arbitro 332,Local 332,Time A332,0,Time B332,2,Jogador A332,Jogador B332
01/01/2021,Arbitro 333,Local 333,Time A333,1,Time B333,0,Jogador A333,Jogador B333
01/01/2021,Arbitro 334,Local 334,Time A334,0,Time B334,1,Jogador A334,Jogador B334
01/01/2021,Arbitro 335,Local 335,Time A335,1,Time B335,2,Jogador A335,Jogador B335
01/01/2021,Arbitro 336,Local 336,Time A336,0,Time B336,0,Jogador A336,Jogador B336
01/01/2021,Arbitro 337,Local 337,Time A337,1,Time B337,1,Jogador A337,Jogador B337
01/01/2021,Arbitro 338,Local 338,Time A338,0,Time B338,2,Jogador A338,Jogador B338
01/01/2021,Arbitro 339,Local 339,Time A339,1,Time B339,0,Jogador A339,Jogador B339
01/01/2021,Arbitro 340,Local 340,Time A340,0,Time B340,1,Jogador A340,Jogador B340
01/01/2021,Arbitro 341,Local 341,Time A341,1,Time B341,2,Jogador A341,Jogador B341
01/01/2021,Arbitro 342,Local 342,Time A342,0,Time B342,0,Jogador A342,Jogador B342
01/01/2021,Arbitro 343,Local 343,Time A343,1,Time B343,1,Jogador A343,Jogador B343
01/01/2021,Arbitro 344,Local 344,Time A344,0,Time B344,2,Jogador A344,Jogador B344
01/01/2021,Arbitro 345,Local 345,Time A345,1,Time B345,0,Jogador A345,Jogador B345
01/01/2021,Arbitro 346,Local 346,Time A346,0,Time B346,1,Jogador A346,Jogador B346
01/01/2021,Arbitro 347,Local 347,Time A347,1,Time B347,2,Jogador A347,Jogador B347
01/01/2021,Arbitro 348,Local 348,Time A348,0,Time B348,0,Jogador A348,Jogador B348
01/01/2021,Arbitro 349,Local 349,Time A349,1,Time B349,1,Jogador A349,Jogador B349
01/01/2021,Arbitro 350,Local 350,Time A350,0,Time B350,2,Jogador A350,Jogador B350
01/01/2021,Arbitro 351,Local 351,Time A351,1,Time B351,0,Jogador A351,Jogador B351
01/01/2021,Arbitro 352,Local 352,Time A352,0,Time B352,1,Jogador A352,Jogador B352
01/01/2021,Arbitro 353,Local 353,Time A353,1,Time B353,2,Jogador A353,Jogador B353
01/01/2021,Arbitro 354,Local 354,Time A354,0,Time B354,0,Jogador A354,Jogador B354
01/01/2021,Arbitro 355,Local 355,Time A355,1,Time B355,1,Jogador A355,Jogador B355
01/01/2021,Arbitro 356,Local 356,Time A356,0,Time B356,2,Jogador A356,Jogador B356
01/01/2021,Arbitro 357,Local 357,Time A357,1,Time B357,0,Jogador A357,Jogador B357
01/01/2021,Arbitro 358,Local 358,Time A358,0,Time B358,1,Jogador A358,Jogador B358
01/01/2021,Arbitro 359,Local 359,Time A359,1,Time B359,2,Jogador A359,Jogador B359
01/01/2021,Arbitro 360,Local 360,Time A360,0,Time B360,0,Jogador A360,Jogador B360
01/01/2021,Arbitro 361,Local 361,Time A361,1,Time B361,1,Jogador A361,Jogador B361
01/01/2021,Arbitro 362,Local 362,Time A362,0,Time B362,2,Jogador A362,Jogador B362
01/01/2021,Arbitro 363,Local 363,Time A363,1,Time B363,0,Jogador A363,Jogador B363
01/01/2021,Arbitro 364,Local 364,Time A364,0,Time B364,1,Jogador A364,Jogador B364
01/01/2021,Arbitro 365,Local 365,Time A365,1,Time B365,2,Jogador A365,Jogador B365
01/01/2021,Arbitro 366,Local 366,Time A366,0,Time B366,0,Jogador A366,Jogador B366
01/01/2021,Arbitro 367,Local 367,Time A367,1,Time B367,1,Jogador A367,Jogador B367
01/01/2021,Arbitro 368,Local 368,Time A368,0,Time B368,2,Jogador A368,Jogador B368
01/01/2021,Arbitro 369,Local 369,Time A369,1,Time B369,0,Jogador A369,Jogador B369
01/01/2021,Arbitro 370,Local 370,Time A370,0,Time B370,1,Jogador A370,Jogador B370
01/01/2021,Arbitro 371,Local 371,Time A371,1,Time B371,2,Jogador A371,Jogador B371
01/01/2021,Arbitro 372,Local 372,Time A372,0,Time B372,0,Jogador A372,Jogador B372
01/01/2021,Arbitro 373,Local 373,Time A373,1,Time B373,1,Jogador A373,Jogador B373
01/01/2021,Arbitro 374,Local 374,Time A374,0,Time B374,2,Jogador A374,Jogador B374
01/01/2021,Arbitro 375,Local 375,Time A375,1,Time B375,0,Jogador A375,Jogador B375
01/01/2021,Arbitro 376,Local 376,Time A376,0,Time B376,1,Jogador A376,Jogador B376
01/01/2021,Arbitro 377,Local 377,Time A377,1,Time B377,2,Jogador A377,Jogador B377
01/01/2021,Arbitro 378,Local 378,Time A378,0,Time B378,0,Jogador A378,Jogador B378
01/01/2021,Arbitro 379,Local 379,Time A379,1,Time B379,1,Jogador A379,Jogador B379
01/01/2021,Arbitro 380,Local 380,Time A380,0,Time B380,2,Jogador A380,Jogador B380
01/01/2021,Arbitro 381,Local 381,Time A381,1,Time B381,0,Jogador A381,Jogador B381
01/01/2021,Arbitro 382,Local 382,Time A382,0,Time B382,1,Jogador A382,Jogador B382
01/01/2021,Arbitro 383,Local 383,Time A383,1,Time B383,2,Jogador A383,Jogador B383
01/01/2021,Arbitro 384,Local 384,Time A384,0,Time B384,0,Jogador A384,Jogador B384
01/01/2021,Arbitro 385,Local 385,Time A385,1,Time B385,1,Jogador A385,Jogador B385
01/01/2021,Arbitro 386,Local 386,Time A386,0,Time B386,2,Jogador A386,Jogador B386
01/01/2021,Arbitro 387,Local 387,Time A387,1,Time B387,0,Jogador A387,Jogador B387
01/01/2021,Arbitro 388,Local 388,Time A388,0,Time B388,1,Jogador A388,Jogador B388
01/01/2021,Arbitro 389,Local 389,Time A389,1,Time B389,2,Jogador A389,Jogador B389
01/01/2021,Arbitro 390,Local 390,Time A390,0,Time B390,0,Jogador A390,Jogador B390
01/01/2021,Arbitro 391,Local 391,Time A391,1,Time B391,1,Jogador A391,Jogador B391
01/01/2021,Arbitro 392,Local 392,Time A392,0,Time B392,2,Jogador A392,Jogador B392
01/01/2021,Arbitro 393,Local 393,Time A393,1,Time B393,0,Jogador A393,Jogador B393
01/01/2021,Arbitro 394,Local 394,Time A394,0,Time B394,1,Jogador A394,Jogador B394
01/01/2021,Arbitro 395,Local 395,Time A395,1,Time B395,2,Jogador A395,Jogador B395
01/01/2021,Arbitro 396,Local 396,Time A396,0,Time B396,0,Jogador A396,Jogador B396
01/01/2021,Arbitro 397,Local 397,Time A397,1,Time B397,1,Jogador A397,Jogador B397
01/01/2021,Arbitro 398,Local 398,Time A398,0,Time B398,2,Jogador A398,Jogador B398
01/01/2021,Arbitro 399,Local 399,Time A399,1,Time B399,0,Jogador A399,Jogador B399
01/01/2021,Arbitro 400,Local 400,Time A400,0,Time B400,1,Jogador A400,Jogador B400
01/01/2021,Arbitro 401,Local 401,Time A401,1,Time B401,2,Jogador A401,Jogador B401
01/01/2021,Arbitro 402,Local 402,Time A402,0,Time B402,0,Jogador A402,Jogador B402
01/01/2021,Arbitro 403,Local 403,Time A403,1,Time B403,1,Jogador A403,Jogador B403
01/01/2021,Arbitro 404,Local 404,Time A404,0,Time B404,2,Jogador A404,Jogador B404
01/01/2021,Arbitro 405,Local 405,Time A405,1,Time B405,0,Jogador A405,Jogador B405
01/01/2021,Arbitro 406,Local 406,Time A406,0,Time B406,1,Jogador A406,Jogador B406
01/01/2021,Arbitro 407,Local 407,Time A407,1,Time B407,2,Jogador A407,Jogador B407
01/01/2021,Arbitro 408,Local 408,Time A408,0,Time B408,0,Jogador A408,Jogador B408
01/01/2021,Arbitro 409,Local 409,Time A409,1,Time B409,1,Jogador A409,Jogador B409
01/01/2021,Arbitro 410,Local 410,Time A410,0,Time B410,2,Jogador A410,Jogador B410
01/01/2021,Arbitro 411,Local 411,Time A411,1,Time B411,0,Jogador A411,Jogador B411
01/01/2021,Arbitro 412,Local 412,Time A412,0,Time B412,1,Jogador A412,Jogador B412
01/01/2021,Arbitro 413,Local 413,Time A413,1,Time B413,2,Jogador A413,Jogador B413
01/01/2021,Arbitro 414,Local 414,Time A414,0,Time B414,0,Jogador A414,Jogador B414
01/01/2021,Arbitro 415,Local 415,Time A415,1,Time B415,1,Jogador A415,Jogador B415
01/01/2021,Arbitro 416,Local 416,Time A416,0,Time B416,2,Jogador A416,Jogador B416
01/01/2021,Arbitro 417,Local 417,Time A417,1,Time B417,0,Jogador A417,Jogador B417
01/01/2021,Arbitro 418,Local 418,Time A418,0,Time B418,1,Jogador A418,Jogador B418
01/01/2021,Arbitro 419,Local 419,Time A419,1,Time B419,2,Jogador A419,Jogador B419
01/01/2021,Arbitro 420,Local 420,Time A420,0,Time B420,0,Jogador A420,Jogador B420
01/01/2021,Arbitro 421,Local 421,Time A421,1,Time B421,1,Jogador A421,Jogador B421
01/01/2021,Arbitro 422,Local 422,Time A422,0,Time B422,2,Jogador A422,Jogador B422
01/01/2021,Arbitro 423,Local 423,Time A423,1,Time B423,0,Jogador A423,Jogador B423
01/01/2021,Arbitro 424,Local 424,Time A424,0,Time B424,1,Jogador A424,Jogador B424
01/01/2021,Arbitro 425,Local 425,Time A425,1,Time B425,2,Jogador A425,Jogador B425
01/01/2021,Arbitro 426,Local 426,Time A426,0,Time B426,0,Jogador A426,Jogador B426
01/01/2021,Arbitro 427,Local 427,Time A427,1,Time B427,1,Jogador A427,Jogador B427
01/01/2021,Arbitro 428,Local 428,Time A428,0,Time B428,2,Jogador A428,Jogador B428
01/01/2021,Arbitro 429,Local 429,Time A429,1,Time B429,0,Jogador A429,Jogador B429
01/01/2021,Arbitro 430,Local 430,Time A430,0,Time B430,1,Jogador A430,Jogador B430
01/01/2021,Arbitro 431,Local 431,Time A431,1,Time B431,2,Jogador A431,Jogador B431
01/01/2021,Arbitro 432,Local 432,Time A432,0,Time B432,0,Jogador A432,Jogador B432
01/01/2021,Arbitro 433,Local 433,Time A433,1,Time B433,1,Jogador A433,Jogador B433
01/01/2021,Arbitro 434,Local 434,Time A434,0,Time B434,2,Jogador A434,Jogador B434
01/01/2021,Arbitro 435,Local 435,Time A435,1,Time B435,0,Jogador A435,Jogador B435
01/01/2021,Arbitro 436,Local 436,Time A436,0,Time B436,1,Jogador A436,Jogador B436
01/01/2021,Arbitro 437,Local 437,Time A437,1,Time B437,2,Jogador A437,Jogador B437
01/01/2021,Arbitro 438,Local 438,Time A438,0,Time B438,0,Jogador A438,Jogador B438
01/01/2021,Arbitro 439,Local 439,Time A439,1,Time B439,1,Jogador A439,Jogador B439
01/01/2021,Arbitro 440,Local 440,Time A440,0,Time B440,2,Jogador A440,Jogador B440
01/01/2021,Arbitro 441,Local 441,Time A441,1,Time B441,0,Jogador A441,Jogador B441
01/01/2021,Arbitro 442,Local 442,Time A442,0,Time B442,1,Jogador A442,Jogador B442
01/01/2021,Arbitro 443,Local 443,Time A443,1,Time B443,2,Jogador A443,Jogador B443
01/01/2021,Arbitro 444,Local 444,Time A444,0,Time B444,0,Jogador A444,Jogador B444
01/01/2021,Arbitro 445,Local 445,Time A445,1,Time B445,1,Jogador A445,Jogador B445
01/01/2021,Arbitro 446,Local 446,Time A446,0,Time B446,2,Jogador A446,Jogador B446
01/01/2021,Arbitro 447,Local 447,Time A447,1,Time B447,0,Jogador A447,Jogador B447
01/01/2021,Arbitro 448,Local 448,Time A448,0,Time B448,1,Jogador A448,Jogador B448
01/01/2021,Arbitro 449,Local 449,Time A449,1,Time B449,2,Jogador A449,Jogador B449
01/01/2021,Arbitro 450,Local 450,Time A450,0,Time B450,0,Jogador A450,Jogador B450
01/01/2021,Arbitro 451,Local 451,Time A451,1,Time B451,1,Jogador A451,Jogador B451
01/01/2021,Arbitro 452,Local 452,Time A452,0,Time B452,2,Jogador A452,Jogador B452
01/01/2021,Arbitro 453,Local 453,Time A453,1,Time B453,0,Jogador A453,Jogador B453
01/01/2021,Arbitro 454,Local 454,Time A454,0,Time B454,1,Jogador A454,Jogador B454
01/01/2021,Arbitro 455,Local 455,Time A455,1,Time B455,2,Jogador A455,Jogador B455
01/01/2021,Arbitro 456,Local 456,Time A456,0,Time B456,0,Jogador A456,Jogador B456
01/01/2021,Arbitro 457,Local 457,Time A457,1,Time B457,1,Jogador A457,Jogador B457
01/01/2021,Arbitro 458,Local 458,Time A458,0,Time B458,2,Jogador A458,Jogador B458
01/01/2021,Arbitro 459,Local 459,Time A459,1,Time B459,0,Jogador A459,Jogador B459
01/01/2021,Arbitro 460,Local 460,Time A460,0,Time B460,1,Jogador A460,Jogador B460
01/01/2021,Arbitro 461,Local 461,Time A461,1,Time B461,2,Jogador A461,Jogador B461
01/01/2021,Arbitro 462,Local 462,Time A462,0,Time B462,0,Jogador A462,Jogador B462
01/01/2021,Arbitro 463,Local 463,Time A463,1,Time B463,1,Jogador A463,Jogador B463
01/01/2021,Arbitro 464,Local 464,Time A464,0,Time B464,2,Jogador A464,Jogador B464
01/01/2021,Arbitro 465,Local 465,Time A465,1,Time B465,0,Jogador A465,Jogador B465
01/01/2021,Arbitro 466,Local 466,Time A466,0,Time B466,1,Jogador A466,Jogador B466
01/01/2021,Arbitro 467,Local 467,Time A467,1,Time B467,2,Jogador A467,Jogador B467
01/01/2021,Arbitro 468,Local 468,Time A468,0,Time B468,0,Jogador A468,Jogador B468
01/01/2021,Arbitro 469,Local 469,Time A469,1,Time B469,1,Jogador A469,Jogador B469
01/01/2021,Arbitro 470,Local 470,Time A470,0,Time B470,2,Jogador A470,Jogador B470
01/01/2021,Arbitro 471,Local 471,Time A471,1,Time B471,0,Jogador A471,Jogador B471
01/01/2021,Arbitro 472,Local 472,Time A472,0,Time B472,1,Jogador A472,Jogador B472
01/01/2021,Arbitro 473,Local 473,Time A473,1,Time B473,2,Jogador A473,Jogador B473
01/01/2021,Arbitro 474,Local 474,Time A474,0,Time B474,0,Jogador A474,Jogador B474
01/01/2021,Arbitro 475,Local 475,Time A475,1,Time B475,1,Jogador A475,Jogador B475
01/01/2021,Arbitro 476,Local 476,Time A476,0,Time B476,2,Jogador A476,Jogador B476
01/01/2021,Arbitro 477,Local 477,Time A477,1,Time B477,0,Jogador A477,Jogador B477
01/01/2021,Arbitro 478,Local 478,Time A478,0,Time B478,1,Jogador A478,Jogador B478
01/01/2021,Arbitro 479,Local 479,Time A479,1,Time B479,2,Jogador A479,Jogador B479
01/01/2021,Arbitro 480,Local 480,Time A480,0,Time B480,0,Jogador A480,Jogador B480
01/01/2021,Arbitro 481,Local 481,Time A481,1,Time B481,1,Jogador A481,Jogador B481
01/01/2021,Arbitro 482,Local 482,Time A482,0,Time B482,2,Jogador A482,Jogador B482
01/01/2021,Arbitro 483,Local 483,Time A483,1,Time B483,0,Jogador A483,Jogador B483
01/01/2021,Arbitro 484,Local 484,Time A484,0,Time B484,1,Jogador A484,Jogador B484
01/01/2021,Arbitro 485,Local 485,Time A485,1,Time B485,2,Jogador A485,Jogador B485
01/01/2021,Arbitro 486,Local 486,Time A486,0,Time B486,0,Jogador A486,Jogador B486
01/01/2021,Arbitro 487,Local 487,Time A487,1,Time B487,1,Jogador A487,Jogador B487
01/01/2021,Arbitro 488,Local 488,Time A488,0,Time B488,2,Jogador A488,Jogador B488
01/01/2021,Arbitro 489,Local 489,Time A489,1,Time B489,0,Jogador A489,Jogador B489
01/01/2021,Arbitro 490,Local 490,Time A490,0,Time B490,1,Jogador A490,Jogador B490
01/01/2021,Arbitro 491,Local 491,Time A491,1,Time B491,2,Jogador A491,Jogador B491
01/01/2021,Arbitro 492,Local 492,Time A492,0,Time B492,0,Jogador A492,Jogador B492
01/01/2021,Arbitro 493,Local 493,Time A493,1,Time B493,1,Jogador A493,Jogador B493
01/01/2021,Arbitro 494,Local 494,Time A494,0,Time B494,2,Jogador A494,Jogador B494
01/01/2021,Arbitro 495,Local 495,Time A495,1,Time B495,0,Jogador A495,Jogador B495
01/01/2021,Arbitro 496,Local 496,Time A496,0,Time B496,1,Jogador A496,Jogador B496
01/01/2021,Arbitro 497,Local 497,Time A497,1,Time B497,2,Jogador A497,Jogador B497
01/01/2021,Arbitro 498,Local 498,Time A498,0,Time B498,0,Jogador A498,Jogador B498
01/01/2021,Arbitro 499,Local 499,Time A499,1,Time B499,1,Jogador A499,Jogador B499
01/01/2021,Arbitro 500,Local 500,Time A500,0,Time B500,2,Jogador A500,Jogador B500
01/01/2021,Arbitro 501,Local 501,Time A501,1,Time B501,0,Jogador A501,Jogador B501
01/01/2021,Arbitro 502,Local 502,Time A502,0,Time B502,1,Jogador A502,Jogador B502
01/01/2021,Arbitro 503,Local 503,Time A503,1,Time B503,2,Jogador A503,Jogador B503
01/01/2021,Arbitro 504,Local 504,Time A504,0,Time B504,0,Jogador A504,Jogador B504
01/01/2021,Arbitro 505,Local 505,Time A505,1,Time B505,1,Jogador A505,Jogador B505
01/01/2021,Arbitro 506,Local 506,Time A506,0,Time B506,2,Jogador A506,Jogador B506
01/01/2021,Arbitro 507,Local 507,Time A507,1,Time B507,0,Jogador A507,Jogador B507
01/01/2021,Arbitro 508,Local 508,Time A508,0,Time B508,1,Jogador A508,Jogador B508
01/01/2021,Arbitro 509,Local 509,Time A509,1,Time B509,2,Jogador A509,Jogador B509
01/01/2021,Arbitro 510,Local 510,Time A510,0,Time B510,0,Jogador A510,Jogador B510
01/01/2021,Arbitro 511,Local 511,Time A511,1,Time B511,1,Jogador A511,Jogador B511
01/01/2021,Arbitro 512,Local 512,Time A512,0,Time B512,2,Jogador A512,Jogador B512
01/01/2021,Arbitro 513,Local 513,Time A513,1,Time B513,0,Jogador A513,Jogador B513
01/01/2021,Arbitro 514,Local 514,Time A514,0,Time B514,1,Jogador A514,Jogador B514
01/01/2021,Arbitro 515,Local 515,Time A515,1,Time B515,2,Jogador A515,Jogador B515
01/01/2021,Arbitro 516,Local 516,Time A516,0,Time B516,0,Jogador A516,Jogador B516
01/01/2021,Arbitro 517,Local 517,Time A517,1,Time B517,1,Jogador A517,Jogador B517
01/01/2021,Arbitro 518,Local 518,Time A518,0,Time B518,2,Jogador A518,Jogador B518
01/01/2021,Arbitro 519,Local 519,Time A519,1,Time B519,0,Jogador A519,Jogador B519
01/01/2021,Arbitro 520,Local 520,Time A520,0,Time B520,1,Jogador A520,Jogador B520
01/01/2021,Arbitro 521,Local 521,Time A521,1,Time B521,2,Jogador A521,Jogador B521
01/01/2021,Arbitro 522,Local 522,Time A522,0,Time B522,0,Jogador A522,Jogador B522
01/01/2021,Arbitro 523,Local 523,Time A523,1,Time B523,1,Jogador A523,Jogador B523
01/01/2021,Arbitro 524,Local 524,Time A524,0,Time B524,2,Jogador A524,Jogador B524
01/01/2021,Arbitro 525,Local 525,Time A525,1,Time B525,0,Jogador A525,Jogador B525
01/01/2021,Arbitro 526,Local 526,Time A526,0,Time B526,1,Jogador A526,Jogador B526
01/01/2021,Arbitro 527,Local 527,Time A527,1,Time B527,2,Jogador A527,Jogador B527
01/01/2021,Arbitro 528,Local 528,Time A528,0,Time B528,0,Jogador A528,Jogador B528
01/01/2021,Arbitro 529,Local 529,Time A529,1,Time B529,1,Jogador A529,Jogador B529
01/01/2021,Arbitro 530,Local 530,Time A530,0,Time B530,2,Jogador A530,Jogador B530
01/01/2021,Arbitro 531,Local 531,Time A531,1,Time B531,0,Jogador A531,Jogador B531
01/01/2021,Arbitro 532,Local 532,Time A532,0,Time B532,1,Jogador A532,Jogador B532
01/01/2021,Arbitro 533,Local 533,Time A533,1,Time B533,2,Jogador A533,Jogador B533
01/01/2021,Arbitro 534,Local 534,Time A534,0,Time B534,0,Jogador A534,Jogador B534
01/01/2021,Arbitro 535,Local 535,Time A535,1,Time B535,1,Jogador A535,Jogador B535
01/01/2021,Arbitro 536,Local 536,Time A536,0,Time B536,2,Jogador A536,Jogador B536
01/01/2021,Arbitro 537,Local 537,Time A537,1,Time B537,0,Jogador A537,Jogador B537
01/01/2021,Arbitro 538,Local 538,Time A538,0,Time B538,1,Jogador A538,Jogador B538
01/01/2021,Arbitro 539,Local 539,Time A539,1,Time B539,2,Jogador A539,Jogador B539
01/01/2021,Arbitro 540,Local 540,Time A540,0,Time B540,0,Jogador A540,Jogador B540
01/01/2021,Arbitro 541,Local 541,Time A541,1,Time B541,1,Jogador A541,Jogador B541
01/01/2021,Arbitro 542,Local 542,Time A542,0,Time B542,2,Jogador A542,Jogador B542
01/01/2021,Arbitro 543,Local 543,Time A543,1,Time B543,0,Jogador A543,Jogador B543
01/01/2021,Arbitro 544,Local 544,Time A544,0,Time B544,1,Jogador A544,Jogador B544
01/01/2021,Arbitro 545,Local 545,Time A545,1,Time B545,2,Jogador A545,Jogador B545
01/01/2021,Arbitro 546,Local 546,Time A546,0,Time B546,0,Jogador A546,Jogador B546
01/01/2021,Arbitro 547,Local 547,Time A547,1,Time B547,1,Jogador A547,Jogador B547
01/01/2021,Arbitro 548,Local 548,Time A548,0,Time B548,2,Jogador A548,Jogador B548
01/01/2021,Arbitro 549,Local 549,Time A549,1,Time B549,0,Jogador A549,Jogador B549
01/01/2021,Arbitro 550,Local 550,Time A550,0,Time B550,1,Jogador A550,Jogador B550
01/01/2021,Arbitro 551,Local 551,Time A551,1,Time B551,2,Jogador A551,Jogador B551
01/01/2021,Arbitro 552,Local 552,Time A552,0,Time B552,0,Jogador A552,Jogador B552
01/01/2021,Arbitro 553,Local 553,Time A553,1,Time B553,1,Jogador A553,Jogador B553
01/01/2021,Arbitro 554,Local 554,Time A554,0,Time B554,2,Jogador A554,Jogador B554
01/01/2021,Arbitro 555,Local 555,Time A555,1,Time B555,0,Jogador A555,Jogador B555
01/01/2021,Arbitro 556,Local 556,Time A556,0,Time B556,1,Jogador A556,Jogador B556
01/01/2021,Arbitro 557,Local 557,Time A557,1,Time B557,2,Jogador A557,Jogador B557
01/01/2021,Arbitro 558,Local 558,Time A558,0,Time B558,0,Jogador A558,Jogador B558
01/01/2021,Arbitro 559,Local 559,Time A559,1,Time B559,1,Jogador A559,Jogador B559
01/01/2021,Arbitro 560,Local 560,Time A560,0,Time B560,2,Jogador A560,Jogador B560
01/01/2021,Arbitro 561,Local 561,Time A561,1,Time B561,0,Jogador A561,Jogador B561
01/01/2021,Arbitro 562,Local 562,Time A562,0,Time B562,1,Jogador A562,Jogador B562
01/01/2021,Arbitro 563,Local 563,Time A563,1,Time B563,2,Jogador A563,Jogador B563
01/01/2021,Arbitro 564,Local 564,Time A564,0,Time B564,0,Jogador A564,Jogador B564
01/01/2021,Arbitro 565,Local 565,Time A565,1,Time B565,1,Jogador A565,Jogador B565
01/01/2021,Arbitro 566,Local 566,Time A566,0,Time B566,2,Jogador A566,Jogador B566
01/01/2021,Arbitro 567,Local 567,Time A567,1,Time B567,0,Jogador A567,Jogador B567
01/01/2021,Arbitro 568,Local 568,Time A568,0,Time B568,1,Jogador A568,Jogador B568
01/01/2021,Arbitro 569,Local 569,Time A569,1,Time B569,2,Jogador A569,Jogador B569
01/01/2021,Arbitro 570,Local 570,Time A570,0,Time B570,0,Jogador A570,Jogador B570
01/01/2021,Arbitro 571,Local 571,Time A571,1,Time B571,1,Jogador A571,Jogador B571
01/01/2021,Arbitro 572,Local 572,Time A572,0,Time B572,2,Jogador A572,Jogador B572
01/01/2021,Arbitro 573,Local 573,Time A573,1,Time B573,0,Jogador A573,Jogador B573
01/01/2021,Arbitro 574,Local 574,Time A574,0,Time B574,1,Jogador A574,Jogador B574
01/01/2021,Arbitro 575,Local 575,Time A575,1,Time B575,2,Jogador A575,Jogador B575
01/01/2021,Arbitro 576,Local 576,Time A576,0,Time B576,0,Jogador A576,Jogador B576
01/01/2021,Arbitro 577,Local 577,Time A577,1,Time B577,1,Jogador A577,Jogador B577
01/01/2021,Arbitro 578,Local 578,Time A578,0,Time B578,2,Jogador A578,Jogador B578
01/01/2021,Arbitro 579,Local 579,Time A579,1,Time B579,0,Jogador A579,Jogador B579
01/01/2021,Arbitro 580,Local 580,Time A580,0,Time B580,1,Jogador A580,Jogador B580
01/01/2021,Arbitro 581,Local 581,Time A581,1,Time B581,2,Jogador A581,Jogador B581
01/01/2021,Arbitro 582,Local 582,Time A582,0,Time B582,0,Jogador A582,Jogador B582
01/01/2021,Arbitro 583,Local 583,Time A583,1,Time B583,1,Jogador A583,Jogador B583
01/01/2021,Arbitro 584,Local 584,Time A584,0,Time B584,2,Jogador A584,Jogador B584
01/01/2021,Arbitro 585,Local 585,Time A585,1,Time B585,0,Jogador A585,Jogador B585
01/01/2021,Arbitro 586,Local 586,Time A586,0,Time B586,1,Jogador A586,Jogador B586
01/01/2021,Arbitro 587,Local 587,Time A587,1,Time B587,2,Jogador A587,Jogador B587
01/01/2021,Arbitro 588,Local 588,Time A588,0,Time B588,0,Jogador A588,Jogador B588
01/01/2021,Arbitro 589,Local 589,Time A589,1,Time B589,1,Jogador A589,Jogador B589
01/01/2021,Arbitro 590,Local 590,Time A590,0,Time B590,2,Jogador A590,Jogador B590
01/01/2021,Arbitro 591,Local 591,Time A591,1,Time B591,0,Jogador A591,Jogador B591
01/01/2021,Arbitro 592,Local 592,Time A592,0,Time B592,1,Jogador A592,Jogador B592
01/01/2021,Arbitro 593,Local 593,Time A593,1,Time B593,2,Jogador A593,Jogador B593
01/01/2021,Arbitro 594,Local 594,Time A594,0,Time B594,0,Jogador A594,Jogador B594
01/01/2021,Arbitro 595,Local 595,Time A595,1,Time B595,1,Jogador A595,Jogador B595
01/01/2021,Arbitro 596,Local 596,Time A596,0,Time B596,2,Jogador A596,Jogador B596
01/01/2021,Arbitro 597,Local 597,Time A597,1,Time B597,0,Jogador A597,Jogador B597
01/01/2021,Arbitro 598,Local 598,Time A598,0,Time B598,1,Jogador A598,Jogador B598
01/01/2021,Arbitro 599,Local 599,Time A599,1,Time B599,2,Jogador A599,Jogador B599
01/01/2021,Arbitro 600,Local 600,Time A600,0,Time B600,0,Jogador A600,Jogador B600
01/01/2021,Arbitro 601,Local 601,Time A601,1,Time B601,1,Jogador A601,Jogador B601
01/01/2021,Arbitro 602,Local 602,Time A602,0,Time B602,2,Jogador A602,Jogador B602
01/01/2021,Arbitro 603,Local 603,Time A603,1,Time B603,0,Jogador A603,Jogador B603
01/01/2021,Arbitro 604,Local 604,Time A604,0,Time B604,1,Jogador A604,Jogador B604
01/01/2021,Arbitro 605,Local 605,Time A605,1,Time B605,2,Jogador A605,Jogador B605
01/01/2021,Arbitro 606,Local 606,Time A606,0,Time B606,0,Jogador A606,Jogador B606
01/01/2021,Arbitro 607,Local 607,Time A607,1,Time B607,1,Jogador A607,Jogador B607
01/01/2021,Arbitro 608,Local 608,Time A608,0,Time B608,2,Jogador A608,Jogador B608
01/01/2021,Arbitro 609,Local 609,Time A609,1,Time B609,0,Jogador A609,Jogador B609
01/01/2021,Arbitro 610,Local 610,Time A610,0,Time B610,1,Jogador A610,Jogador B610
01/01/2021,Arbitro 611,Local 611,Time A611,1,Time B611,2,Jogador A611,Jogador B611
01/01/2021,Arbitro 612,Local 612,Time A612,0,Time B612,0,Jogador A612,Jogador B612
01/01/2021,Arbitro 613,Local 613,Time A613,1,Time B613,1,Jogador A613,Jogador B613
01/01/2021,Arbitro 614,Local 614,Time A614,0,Time B614,2,Jogador A614,Jogador B614
01/01/2021,Arbitro 615,Local 615,Time A615,1,Time B615,0,Jogador A615,Jogador B615
01/01/2021,Arbitro 616,Local 616,Time A616,0,Time B616,1,Jogador A616,Jogador B616
01/01/2021,Arbitro 617,Local 617,Time A617,1,Time B617,2,Jogador A617,Jogador B617
01/01/2021,Arbitro 618,Local 618,Time A618,0,Time B618,0,Jogador A618,Jogador B618
01/01/2021,Arbitro 619,Local 619,Time A619,1,Time B619,1,Jogador A619,Jogador B619
01/01/2021,Arbitro 620,Local 620,Time A620,0,Time B620,2,Jogador A620,Jogador B620
01/01/2021,Arbitro 621,Local 621,Time A621,1,Time B621,0,Jogador A621,Jogador B621
01/01/2021,Arbitro 622,Local 622,Time A622,0,Time B622,1,Jogador A622,Jogador B622
01/01/2021,Arbitro 623,Local 623,Time A623,1,Time B623,2,Jogador A623,Jogador B623
01/01/2021,Arbitro 624,Local 624,Time A624,0,Time B624,0,Jogador A624,Jogador B624
01/01/2021,Arbitro 625,Local 625,Time A625,1,Time B625,1,Jogador A625,Jogador B625
01/01/2021,Arbitro 626,Local 626,Time A626,0,Time B626,2,Jogador A626,Jogador B626
01/01/2021,Arbitro 627,Local 627,Time A627,1,Time B627,0,Jogador A627,Jogador B627
01/01/2021,Arbitro 628,Local 628,Time A628,0,Time B628,1,Jogador A628,Jogador B628
01/01/2021,Arbitro 629,Local 629,Time A629,1,Time B629,2,Jogador A629,Jogador B629
01/01/2021,Arbitro 630,Local 630,Time A630,0,Time B630,0,Jogador A630,Jogador B630
01/01/2021,Arbitro 631,Local 631,Time A631,1,Time B631,1,Jogador A631,Jogador B631
01/01/2021,Arbitro 632,Local 632,Time A632,0,Time B632,2,Jogador A632,Jogador B632
01/01/2021,Arbitro 633,Local 633,Time A633,1,Time B633,0,Jogador A633,Jogador B633
01/01/2021,Arbitro 634,Local 634,Time A634,0,Time B634,1,Jogador A634,Jogador B634
01/01/2021,Arbitro 635,Local 635,Time A635,1,Time B635,2,Jogador A635,Jogador B635
01/01/2021,Arbitro 636,Local 636,Time A636,0,Time B636,0,Jogador A636,Jogador B636
01/01/2021,Arbitro 637,Local 637,Time A637,1,Time B637,1,Jogador A637,Jogador B637
01/01/2021,Arbitro 638,Local 638,Time A638,0,Time B638,2,Jogador A638,Jogador B638
01/01/2021,Arbitro 639,Local 639,Time A639,1,Time B639,0,Jogador A639,Jogador B639
01/01/2021,Arbitro 640,Local 640,Time A640,0,Time B640,1,Jogador A640,Jogador B640
01/01/2021,Arbitro 641,Local 641,Time A641,1,Time B641,2,Jogador A641,Jogador B641
01/01/2021,Arbitro 642,Local 642,Time A642,0,Time B642,0,Jogador A642,Jogador B642
01/01/2021,Arbitro 643,Local 643,Time A643,1,Time B643,1,Jogador A643,Jogador B643
01/01/2021,Arbitro 644,Local 644,Time A644,0,Time B644,2,Jogador A644,Jogador B644
01/01/2021,Arbitro 645,Local 645,Time A645,1,Time B645,0,Jogador A645,Jogador B645
01/01/2021,Arbitro 646,Local 646,Time A646,0,Time B646,1,Jogador A646,Jogador B646
01/01/2021,Arbitro 647,Local 647,Time A647,1,Time B647,2,Jogador A647,Jogador B647
01/01/2021,Arbitro 648,Local 648,Time A648,0,Time B648,0,Jogador A648,Jogador B648
01/01/2021,Arbitro 649,Local 649,Time A649,1,Time B649,1,Jogador A649,Jogador B649
01/01/2021,Arbitro 650,Local 650,Time A650,0,Time B650,2,Jogador A650,Jogador B650
01/01/2021,Arbitro 651,Local 651,Time A651,1,Time B651,0,Jogador A651,Jogador B651
01/01/2021,Arbitro 652,Local 652,Time A652,0,Time B652,1,Jogador A652,Jogador B652
01/01/2021,Arbitro 653,Local 653,Time A653,1,Time B653,2,Jogador A653,Jogador B653
01/01/2021,Arbitro 654,Local 654,Time A654,0,Time B654,0,Jogador A654,Jogador B654
01/01/2021,Arbitro 655,Local 655,Time A655,1,Time B655,1,Jogador A655,Jogador B655
01/01/2021,Arbitro 656,Local 656,Time A656,0,Time B656,2,Jogador A656,Jogador B656
01/01/2021,Arbitro 657,Local 657,Time A657,1,Time B657,0,Jogador A657,Jogador B657
01/01/2021,Arbitro 658,Local 658,Time A658,0,Time B658,1,Jogador A658,Jogador B658
01/01/2021,Arbitro 659,Local 659,Time A659,1,Time B659,2,Jogador A659,Jogador B659
01/01/2021,Arbitro 660,Local 660,Time A660,0,Time B660,0,Jogador A660,Jogador B660
01/01/2021,Arbitro 661,Local 661,Time A661,1,Time B661,1,Jogador A661,Jogador B661
01/01/2021,Arbitro 662,Local 662,Time A662,0,Time B662,2,Jogador A662,Jogador B662
01/01/2021,Arbitro 663,Local 663,Time A663,1,Time B663,0,Jogador A663,Jogador B663
01/01/2021,Arbitro 664,Local 664,Time A664,0,Time B664,1,Jogador A664,Jogador B664
01/01/2021,Arbitro 665,Local 665,Time A665,1,Time B665,2,Jogador A665,Jogador B665
01/01/2021,Arbitro 666,Local 666,Time A666,0,Time B666,0,Jogador A666,Jogador B666
01/01/2021,Arbitro 667,Local 667,Time A667,1,Time B667,1,Jogador A667,Jogador B667
01/01/2021,Arbitro 668,Local 668,Time A668,0,Time B668,2,Jogador A668,Jogador B668
01/01/2021,Arbitro 669,Local 669,Time A669,1,Time B669,0,Jogador A669,Jogador B669
01/01/2021,Arbitro 670,Local 670,Time A670,0,Time B670,1,Jogador A670,Jogador B670
01/01/2021,Arbitro 671,Local 671,Time A671,1,Time B671,2,Jogador A671,Jogador B671
01/01/2021,Arbitro 672,Local 672,Time A672,0,Time B672,0,Jogador A672,Jogador B672
01/01/2021,Arbitro 673,Local 673,Time A673,1,Time B673,1,Jogador A673,Jogador B673
01/01/2021,Arbitro 674,Local 674,Time A674,0,Time B674,2,Jogador A674,Jogador B674
01/01/2021,Arbitro 675,Local 675,Time A675,1,Time B675,0,Jogador A675,Jogador B675
01/01/2021,Arbitro 676,Local 676,Time A676,0,Time B676,1,Jogador A676,Jogador B676
01/01/2021,Arbitro 677,Local 677,Time A677,1,Time B677,2,Jogador A677,Jogador B677
01/01/2021,Arbitro 678,Local 678,Time A678,0,Time B678,0,Jogador A678,Jogador B678
01/01/2021,Arbitro 679,Local 679,Time A679,1,Time B679,1,Jogador A679,Jogador B679
01/01/2021,Arbitro 680,Local 680,Time A680,0,Time B680,2,Jogador A680,Jogador B680
01/01/2021,Arbitro 681,Local 681,Time A681,1,Time B681,0,Jogador A681,Jogador B681
01/01/2021,Arbitro 682,Local 682,Time A682,0,Time B682,1,Jogador A682,Jogador B682
01/01/2021,Arbitro 683,Local 683,Time A683,1,Time B683,2,Jogador A683,Jogador B683
01/01/2021,Arbitro 684,Local 684,Time A684,0,Time B684,0,Jogador A684,Jogador B684
01/01/2021,Arbitro 685,Local 685,Time A685,1,Time B685,1,Jogador A685,Jogador B685
01/01/2021,Arbitro 686,Local 686,Time A686,0,Time B686,2,Jogador A686,Jogador B686
01/01/2021,Arbitro 687,Local 687,Time A687,1,Time B687,0,Jogador A687,Jogador B687
01/01/2021,Arbitro 688,Local 688,Time A688,0,Time B688,1,Jogador A688,Jogador B688
01/01/2021,Arbitro 689,Local 689,Time A689,1,Time B689,2,Jogador A689,Jogador B689
01/01/2021,Arbitro 690,Local 690,Time A690,0,Time B690,0,Jogador A690,Jogador B690
01/01/2021,Arbitro 691,Local 691,Time A691,1,Time B691,1,Jogador A691,Jogador B691
01/01/2021,Arbitro 692,Local 692,Time A692,0,Time B692,2,Jogador A692,Jogador B692
01/01/2021,Arbitro 693,Local 693,Time A693,1,Time B693,0,Jogador A693,Jogador B693
01/01/2021,Arbitro 694,Local 694,Time A694,0,Time B694,1,Jogador A694,Jogador B694
01/01/2021,Arbitro 695,Local 695,Time A695,1,Time B695,2,Jogador A695,Jogador B695
01/01/2021,Arbitro 696,Local 696,Time A696,0,Time B696,0,Jogador A696,Jogador B696
01/01/2021,Arbitro 697,Local 697,Time A697,1,Time B697,1,Jogador A697,Jogador B697
01/01/2021,Arbitro 698,Local 698,Time A698,0,Time B698,2,Jogador A698,Jogador B698
01/01/2021,Arbitro 699,Local 699,Time A699,1,Time B699,0,Jogador A699,Jogador B699
01/01/2021,Arbitro 700,Local 700,Time A700,0,Time B700,1,Jogador A700,Jogador B700
01/01/2021,Arbitro 701,Local 701,Time A701,1,Time B701,2,Jogador A701,Jogador B701
01/01/2021,Arbitro 702,Local 702,Time A702,0,Time B702,0,Jogador A702,Jogador B702
01/01/2021,Arbitro 703,Local 703,Time A703,1,Time B703,1,Jogador A703,Jogador B703
01/01/2021,Arbitro 704,Local 704,Time A704,0,Time B704,2,Jogador A704,Jogador B704
01/01/2021,Arbitro 705,Local 705,Time A705,1,Time B705,0,Jogador A705,Jogador B705
01/01/2021,Arbitro 706,Local 706,Time A706,0,Time B706,1,Jogador A706,Jogador B706
01/01/2021,Arbitro 707,Local 707,Time A707,1,Time B707,2,Jogador A707,Jogador B707
01/01/2021,Arbitro 708,Local 708,Time A708,0,Time B708,0,Jogador A708,Jogador B708
01/01/2021,Arbitro 709,Local 709,Time A709,1,Time B709,1,Jogador A709,Jogador B709
01/01/2021,Arbitro 710,Local 710,Time A710,0,Time B710,2,Jogador A710,Jogador B710
01/01/2021,Arbitro 711,Local 711,Time A711,1,Time B711,0,Jogador A711,Jogador B711
01/01/2021,Arbitro 712,Local 712,Time A712,0,Time B712,1,Jogador A712,Jogador B712
01/01/2021,Arbitro 713,Local 713,Time A713,1,Time B713,2,Jogador A713,Jogador B713
01/01/2021,Arbitro 714,Local 714,Time A714,0,Time B714,0,Jogador A714,Jogador B714
01/01/2021,Arbitro 715,Local 715,Time A715,1,Time B715,1,Jogador A715,Jogador B715
01/01/2021,Arbitro 716,Local 716,Time A716,0,Time B716,2,Jogador A716,Jogador B716
01/01/2021,Arbitro 717,Local 717,Time A717,1,Time B717,0,Jogador A717,Jogador B717
01/01/2021,Arbitro 718,Local 718,Time A718,0,Time B718,1,Jogador A718,Jogador B718
01/01/2021,Arbitro 719,Local 719,Time A719,1,Time B719,2,Jogador A719,Jogador B719
01/01/2021,Arbitro 720,Local 720,Time A720,0,Time B720,0,Jogador A720,Jogador B720
01/01/2021,Arbitro 721,Local 721,Time A721,1,Time B721,1,Jogador A721,Jogador B721
01/01/2021,Arbitro 722,Local 722,Time A722,0,Time B722,2,Jogador A722,Jogador B722
01/01/2021,Arbitro 723,Local 723,Time A723,1,Time B723,0,Jogador A723,Jogador B723
01/01/2021,Arbitro 724,Local 724,Time A724,0,Time B724,1,Jogador A724,Jogador B724
01/01/2021,Arbitro 725,Local 725,Time A725,1,Time B725,2,Jogador A725,Jogador B725
01/01/2021,Arbitro 726,Local 726,Time A726,0,Time B726,0,Jogador A726,Jogador B726
01/01/2021,Arbitro 727,Local 727,Time A727,1,Time B727,1,Jogador A727,Jogador B727
01/01/2021,Arbitro 728,Local 728,Time A728,0,Time B728,2,Jogador A728,Jogador B728
01/01/2021,Arbitro 729,Local 729,Time A729,1,Time B729,0,Jogador A729,Jogador B729
01/01/2021,Arbitro 730,Local 730,Time A730,0,Time B730,1,Jogador A730,Jogador B730
01/01/2021,Arbitro 731,Local 731,Time A731,1,Time B731,2,Jogador A731,Jogador B731
01/01/2021,Arbitro 732,Local 732,Time A732,0,Time B732,0,Jogador A732,Jogador B732
01/01/2021,Arbitro 733,Local 733,Time A733,1,Time B733,1,Jogador A733,Jogador B733
01/01/2021,Arbitro 734,Local 734,Time A734,0,Time B734,2,Jogador A734,Jogador B734
01/01/2021,Arbitro 735,Local 735,Time A735,1,Time B735,0,Jogador A735,Jogador B735
01/01/2021,Arbitro 736,Local 736,Time A736,0,Time B736,1,Jogador A736,Jogador B736
01/01/2021,Arbitro 737,Local 737,Time A737,1,Time B737,2,Jogador A737,Jogador B737
01/01/2021,Arbitro 738,Local 738,Time A738,0,Time B738,0,Jogador A738,Jogador B738
01/01/2021,Arbitro 739,Local 739,Time A739,1,Time B739,1,Jogador A739,Jogador B739
01/01/2021,Arbitro 740,Local 740,Time A740,0,Time B740,2,Jogador A740,Jogador B740
01/01/2021,Arbitro 741,Local 741,Time A741,1,Time B741,0,Jogador A741,Jogador B741
01/01/2021,Arbitro 742,Local 742,Time A742,0,Time B742,1,Jogador A742,Jogador B742
01/01/2021,Arbitro 743,Local 743,Time A743,1,Time B743,2,Jogador A743,Jogador B743
01/01/2021,Arbitro 744,Local 744,Time A744,0,Time B744,0,Jogador A744,Jogador B744
01/01/2021,Arbitro 745,Local 745,Time A745,1,Time B745,1,Jogador A745,Jogador B745
01/01/2021,Arbitro 746,Local 746,Time A746,0,Time B746,2,Jogador A746,Jogador B746
01/01/2021,Arbitro 747,Local 747,Time A747,1,Time B747,0,Jogador A747,Jogador B747
01/01/2021,Arbitro 748,Local 748,Time A748,0,Time B748,1,Jogador A748,Jogador B748
01/01/2021,Arbitro 749,Local 749,Time A749,1,Time B749,2,Jogador A749,Jogador B749
01/01/2021,Arbitro 750,Local 750,Time A750,0,Time B750,0,Jogador A750,Jogador B750
01/01/2021,Arbitro 751,Local 751,Time A751,1,Time B751,1,Jogador A751,Jogador B751
01/01/2021,Arbitro 752,Local 752,Time A752,0,Time B752,2,Jogador A752,Jogador B752
01/01/2021,Arbitro 753,Local 753,Time A753,1,Time B753,0,Jogador A753,Jogador B753
01/01/2021,Arbitro 754,Local 754,Time A754,0,Time B754,1,Jogador A754,Jogador B754
01/01/2021,Arbitro 755,Local 755,Time A755,1,Time B755,2,Jogador A755,Jogador B755
01/01/2021,Arbitro 756,Local 756,Time A756,0,Time B756,0,Jogador A756,Jogador B756
01/01/2021,Arbitro 757,Local 757,Time A757,1,Time B757,1,Jogador A757,Jogador B757
01/01/2021,Arbitro 758,Local 758,Time A758,0,Time B758,2,Jogador A758,Jogador B758
01/01/2021,Arbitro 759,Local 759,Time A759,1,Time B759,0,Jogador A759,Jogador B759
01/01/2021,Arbitro 760,Local 760,Time A760,0,Time B760,1,Jogador A760,Jogador B760
01/01/2021,Arbitro 761,Local 761,Time A761,1,Time B761,2,Jogador A761,Jogador B761
01/01/2021,Arbitro 762,Local 762,Time A762,0,Time B762,0,Jogador A762,Jogador B762
01/01/2021,Arbitro 763,Local 763,Time A763,1,Time B763,1,Jogador A763,Jogador B763
01/01/2021,Arbitro 764,Local 764,Time A764,0,Time B764,2,Jogador A764,Jogador B764
01/01/2021,Arbitro 765,Local 765,Time A765,1,Time B765,0,Jogador A765,Jogador B765
01/01/2021,Arbitro 766,Local 766,Time A766,0,Time B766,1,Jogador A766,Jogador B766
01/01/2021,Arbitro 767,Local 767,Time A767,1,Time B767,2,Jogador A767,Jogador B767
01/01/2021,Arbitro 768,Local 768,Time A768,0,Time B768,0,Jogador A768,Jogador B768
01/01/2021,Arbitro 769,Local 769,Time A769,1,Time B769,1,Jogador A769,Jogador B769
01/01/2021,Arbitro 770,Local 770,Time A770,0,Time B770,2,Jogador A770,Jogador B770
01/01/2021,Arbitro 771,Local 771,Time A771,1,Time B771,0,Jogador A771,Jogador B771
01/01/2021,Arbitro 772,Local 772,Time A772,0,Time B772,1,Jogador A772,Jogador B772
01/01/2021,Arbitro 773,Local 773,Time A773,1,Time B773,2,Jogador A773,Jogador B773
01/01/2021,Arbitro 774,Local 774,Time A774,0,Time B774,0,Jogador A774,Jogador B774
01/01/2021,Arbitro 775,Local 775,Time A775,1,Time B775,1,Jogador A775,Jogador B775
01/01/2021,Arbitro 776,Local 776,Time A776,0,Time B776,2,Jogador A776,Jogador B776
01/01/2021,Arbitro 777,Local 777,Time A777,1,Time B777,0,Jogador A777,Jogador B777
01/01/2021,Arbitro 778,Local 778,Time A778,0,Time B778,1,Jogador A778,Jogador B778
01/01/2021,Arbitro 779,Local 779,Time A779,1,Time B779,2,Jogador A779,Jogador B779
01/01/2021,Arbitro 780,Local 780,Time A780,0,Time B780,0,Jogador A780,Jogador B780
01/01/2021,Arbitro 781,Local 781,Time A781,1,Time B781,1,Jogador A781,Jogador B781
01/01/2021,Arbitro 782,Local 782,Time A782,0,Time B782,2,Jogador A782,Jogador B782
01/01/2021,Arbitro 783,Local 783,Time A783,1,Time B783,0,Jogador A783,Jogador B783
01/01/2021,Arbitro 784,Local 784,Time A784,0,Time B784,1,Jogador A784,Jogador B784
01/01/2021,Arbitro 785,Local 785,Time A785,1,Time B785,2,Jogador A785,Jogador B785
01/01/2021,Arbitro 786,Local 786,Time A786,0,Time B786,0,Jogador A786,Jogador B786
01/01/2021,Arbitro 787,Local 787,Time A787,1,Time B787,1,Jogador A787,Jogador B787
01/01/2021,Arbitro 788,Local 788,Time A788,0,Time B788,2,Jogador A788,Jogador B788
01/01/2021,Arbitro 789,Local 789,Time A789,1,Time B789,0,Jogador A789,Jogador B789
01/01/2021,Arbitro 790,Local 790,Time A790,0,Time B790,1,Jogador A790,Jogador B790
01/01/2021,Arbitro 791,Local 791,Time A791,1,Time B791,2,Jogador A791,Jogador B791
01/01/2021,Arbitro 792,Local 792,Time A792,0,Time B792,0,Jogador A792,Jogador B792
01/01/2021,Arbitro 793,Local 793,Time A793,1,Time B793,1,Jogador A793,Jogador B793
01/01/2021,Arbitro 794,Local 794,Time A794,0,Time B794,2,Jogador A794,Jogador B794
01/01/2021,Arbitro 795,Local 795,Time A795,1,Time B795,0,Jogador A795,Jogador B795
01/01/2021,Arbitro 796,Local 796,Time A796,0,Time B796,1,Jogador A796,Jogador B796
01/01/2021,Arbitro 797,Local 797,Time A797,1,Time B797,2,Jogador A797,Jogador B797
01/01/2021,Arbitro 798,Local 798,Time A798,0,Time B798,0,Jogador A798,Jogador B798
01/01/2021,Arbitro 799,Local 799,Time A799,1,Time B799,1,Jogador A799,Jogador B799
01/01/2021,Arbitro 800,Local 800,Time A800,0,Time B800,2,Jogador A800,Jogador B800
01/01/2021,Arbitro 801,Local 801,Time A801,1,Time B801,0,Jogador A801,Jogador B801
01/01/2021,Arbitro 802,Local 802,Time A802,0,Time B802,1,Jogador A802,Jogador B802
01/01/2021,Arbitro 803,Local 803,Time A803,1,Time B803,2,Jogador A803,Jogador B803
01/01/2021,Arbitro 804,Local 804,Time A804,0,Time B804,0,Jogador A804,Jogador B804
01/01/2021,Arbitro 805,Local 805,Time A805,1,Time B805,1,Jogador A805,Jogador B805
01/01/2021,Arbitro 806,Local 806,Time A806,0,Time B806,2,Jogador A806,Jogador B806
01/01/2021,Arbitro 807,Local 807,Time A807,1,Time B807,0,Jogador A807,Jogador B807
01/01/2021,Arbitro 808,Local 808,Time A808,0,Time B808,1,Jogador A808,Jogador B808
01/01/2021,Arbitro 809,Local 809,Time A809,1,Time B809,2,Jogador A809,Jogador B809
01/01/2021,Arbitro 810,Local 810,Time A810,0,Time B810,0,Jogador A810,Jogador B810
01/01/2021,Arbitro 811,Local 811,Time A811,1,Time B811,1,Jogador A811,Jogador B811
01/01/2021,Arbitro 812,Local 812,Time A812,0,Time B812,2,Jogador A812,Jogador B812
01/01/2021,Arbitro 813,Local 813,Time A813,1,Time B813,0,Jogador A813,Jogador B813
01/01/2021,Arbitro 814,Local 814,Time A814,0,Time B814,1,Jogador A814,Jogador B814
01/01/2021,Arbitro 815,Local 815,Time A815,1,Time B815,2,Jogador A815,Jogador B815
01/01/2021,Arbitro 816,Local 816,Time A816,0,Time B816,0,Jogador A816,Jogador B816
01/01/2021,Arbitro 817,Local 817,Time A817,1,Time B817,1,Jogador A817,Jogador B817
01/01/2021,Arbitro 818,Local 818,Time A818,0,Time B818,2,Jogador A818,Jogador B818
01/01/2021,Arbitro 819,Local 819,Time A819,1,Time B819,0,Jogador A819,Jogador B819
01/01/2021,Arbitro 820,Local 820,Time A820,0,Time B820,1,Jogador A820,Jogador B820
01/01/2021,Arbitro 821,Local 821,Time A821,1,Time B821,2,Jogador A821,Jogador B821
01/01/2021,Arbitro 822,Local 822,Time A822,0,Time B822,0,Jogador A822,Jogador B822
01/01/2021,Arbitro 823,Local 823,Time A823,1,Time B823,1,Jogador A823,Jogador B823
01/01/2021,Arbitro 824,Local 824,Time A824,0,Time B824,2,Jogador A824,Jogador B824
01/01/2021,Arbitro 825,Local 825,Time A825,1,Time B825,0,Jogador A825,Jogador B825
01/01/2021,Arbitro 826,Local 826,Time A826,0,Time B826,1,Jogador A826,Jogador B826
01/01/2021,Arbitro 827,Local 827,Time A827,1,Time B827,2,Jogador A827,Jogador B827
01/01/2021,Arbitro 828,Local 828,Time A828,0,Time B828,0,Jogador A828,Jogador B828
01/01/2021,Arbitro 829,Local 829,Time A829,1,Time B829,1,Jogador A829,Jogador B829
01/01/2021,Arbitro 830,Local 830,Time A830,0,Time B830,2,Jogador A830,Jogador B830
01/01/2021,Arbitro 831,Local 831,Time A831,1,Time B831,0,Jogador A831,Jogador B831
01/01/2021,Arbitro 832,Local 832,Time A832,0,Time B832,1,Jogador A832,Jogador B832
01/01/2021,Arbitro 833,Local 833,Time A833,1,Time B833,2,Jogador A833,Jogador B833
01/01/2021,Arbitro 834,Local 834,Time A834,0,Time B834,0,Jogador A834,Jogador B834
01/01/2021,Arbitro 835,Local 835,Time A835,1,Time B835,1,Jogador A835,Jogador B835
01/01/2021,Arbitro 836,Local 836,Time A836,0,Time B836,2,Jogador A836,Jogador B836
01/01/2021,Arbitro 837,Local 837,Time A837,1,Time B837,0,Jogador A837,Jogador B837
01/01/2021,Arbitro 838,Local 838,Time A838,0,Time B838,1,Jogador A838,Jogador B838
01/01/2021,Arbitro 839,Local 839,Time A839,1,Time B839,2,Jogador A839,Jogador B839
01/01/2021,Arbitro 840,Local 840,Time A840,0,Time B840,0,Jogador A840,Jogador B840
01/01/2021,Arbitro 841,Local 841,Time A841,1,Time B841,1,Jogador A841,Jogador B841
01/01/2021,Arbitro 842,Local 842,Time A842,0,Time B842,2,Jogador A842,Jogador B842
01/01/2021,Arbitro 843,Local 843,Time A843,1,Time B843,0,Jogador A843,Jogador B843
01/01/2021,Arbitro 844,Local 844,Time A844,0,Time B844,1,Jogador A844,Jogador B844
01/01/2021,Arbitro 845,Local 845,Time A845,1,Time B845,2,Jogador A845,Jogador B845
01/01/2021,Arbitro 846,Local 846,Time A846,0,Time B846,0,Jogador A846,Jogador B846
01/01/2021,Arbitro 847,Local 847,Time A847,1,Time B847,1,Jogador A847,Jogador B847
01/01/2021,Arbitro 848,Local 848,Time A848,0,Time B848,2,Jogador A848,Jogador B848
01/01/2021,Arbitro 849,Local 849,Time A849,1,Time B849,0,Jogador A849,Jogador B849
01/01/2021,Arbitro 850,Local 850,Time A850,0,Time B850,1,Jogador A850,Jogador B850
01/01/2021,Arbitro 851,Local 851,Time A851,1,Time B851,2,Jogador A851,Jogador B851
01/01/2021,Arbitro 852,Local 852,Time A852,0,Time B852,0,Jogador A852,Jogador B852
01/01/2021,Arbitro 853,Local 853,Time A853,1,Time B853,1,Jogador A853,Jogador B853
01/01/2021,Arbitro 854,Local 854,Time A854,0,Time B854,2,Jogador A854,Jogador B854
01/01/2021,Arbitro 855,Local 855,Time A855,1,Time B855,0,Jogador A855,Jogador B855
01/01/2021,Arbitro 856,Local 856,Time A856,0,Time B856,1,Jogador A856,Jogador B856
01/01/2021,Arbitro 857,Local 857,Time A857,1,Time B857,2,Jogador A857,Jogador B857
01/01/2021,Arbitro 858,Local 858,Time A858,0,Time B858,0,Jogador A858,Jogador B858
01/01/2021,Arbitro 859,Local 859,Time A859,1,Time B859,1,Jogador A859,Jogador B859
01/01/2021,Arbitro 860,Local 860,Time A860,0,Time B860,2,Jogador A860,Jogador B860
01/01/2021,Arbitro 861,Local 861,Time A861,1,Time B861,0,Jogador A861,Jogador B861
01/01/2021,Arbitro 862,Local 862,Time A862,0,Time B862,1,Jogador A862,Jogador B862
01/01/2021,Arbitro 863,Local 863,Time A863,1,Time B863,2,Jogador A863,Jogador B863
01/01/2021,Arbitro 864,Local 864,Time A864,0,Time B864,0,Jogador A864,Jogador B864
01/01/2021,Arbitro 865,Local 865,Time A865,1,Time B865,1,Jogador A865,Jogador B865
01/01/2021,Arbitro 866,Local 866,Time A866,0,Time B866,2,Jogador A866,Jogador B866
01/01/2021,Arbitro 867,Local 867,Time A867,1,Time B867,0,Jogador A867,Jogador B867
01/01/2021,Arbitro 868,Local 868,Time A868,0,Time B868,1,Jogador A868,Jogador B868
01/01/2021,Arbitro 869,Local 869,Time A869,1,Time B869,2,Jogador A869,Jogador B869
01/01/2021,Arbitro 870,Local 870,Time A870,0,Time B870,0,Jogador A870,Jogador B870
01/01/2021,Arbitro 871,Local 871,Time A871,1,Time B871,1,Jogador A871,Jogador B871
01/01/2021,Arbitro 872,Local 872,Time A872,0,Time B872,2,Jogador A872,Jogador B872
01/01/2021,Arbitro 873,Local 873,Time A873,1,Time B873,0,Jogador A873,Jogador B873
01/01/2021,Arbitro 874,Local 874,Time A874,0,Time B874,1,Jogador A874,Jogador B874
01/01/2021,Arbitro 875,Local 875,Time A875,1,Time B875,2,Jogador A875,Jogador B875
01/01/2021,Arbitro 876,Local 876,Time A876,0,Time B876,0,Jogador A876,Jogador B876
01/01/2021,Arbitro 877,Local 877,Time A877,1,Time B877,1,Jogador A877,Jogador B877
01/01/2021,Arbitro 878,Local 878,Time A878,0,Time B878,2,Jogador A878,Jogador B878
01/01/2021,Arbitro 879,Local 879,Time A879,1,Time B879,0,Jogador A879,Jogador B879
01/01/2021,Arbitro 880,Local 880,Time A880,0,Time B880,1,Jogador A880,Jogador B880
01/01/2021,Arbitro 881,Local 881,Time A881,1,Time B881,2,Jogador A881,Jogador B881
01/01/2021,Arbitro 882,Local 882,Time A882,0,Time B882,0,Jogador A882,Jogador B882
01/01/2021,Arbitro 883,Local 883,Time A883,1,Time B883,1,Jogador A883,Jogador B883
01/01/2021,Arbitro 884,Local 884,Time A884,0,Time B884,2,Jogador A884,Jogador B884
01/01/2021,Arbitro 885,Local 885,Time A885,1,Time B885,0,Jogador A885,Jogador B885
01/01/2021,Arbitro 886,Local 886,Time A886,0,Time B886,1,Jogador A886,Jogador B886
01/01/2021,Arbitro 887,Local 887,Time A887,1,Time B887,2,Jogador A887,Jogador B887
01/01/2021,Arbitro 888,Local 888,Time A888,0,Time B888,0,Jogador A888,Jogador B888
01/01/2021,Arbitro 889,Local 889,Time A889,1,Time B889,1,Jogador A889,Jogador B889
01/01/2021,Arbitro 890,Local 890,Time A890,0,Time B890,2,Jogador A890,Jogador B890
01/01/2021,Arbitro 891,Local 891,Time A891,1,Time B891,0,Jogador A891,Jogador B891
01/01/2021,Arbitro 892,Local 892,Time A892,0,Time B892,1,Jogador A892,Jogador B892
01/01/2021,Arbitro 893,Local 893,Time A893,1,Time B893,2,Jogador A893,Jogador B893
01/01/2021,Arbitro 894,Local 894,Time A894,0,Time B894,0,Jogador A894,Jogador B894
01/01/2021,Arbitro 895,Local 895,Time A895,1,Time B895,1,Jogador A895,Jogador B895
01/01/2021,Arbitro 896,Local 896,Time A896,0,Time B896,2,Jogador A896,Jogador B896
01/01/2021,Arbitro 897,Local 897,Time A897,1,Time B897,0,Jogador A897,Jogador B897
01/01/2021,Arbitro 898,Local 898,Time A898,0,Time B898,1,Jogador A898,Jogador B898
01/01/2021,Arbitro 899,Local 899,Time A899,1,Time B899,2,Jogador A899,Jogador B899
01/01/2021,Arbitro 900,Local 900,Time A900,0,Time B900,0,Jogador A900,Jogador B900
01/01/2021,Arbitro 901,Local 901,Time A901,1,Time B901,1,Jogador A901,Jogador B901
01/01/2021,Arbitro 902,Local 902,Time A902,0,Time B902,2,Jogador A902,Jogador B902
01/01/2021,Arbitro 903,Local 903,Time A903,1,Time B903,0,Jogador A903,Jogador B903
01/01/2021,Arbitro 904,Local 904,Time A904,0,Time B904,1,Jogador A904,Jogador B904
01/01/2021,Arbitro 905,Local 905,Time A905,1,Time B905,2,Jogador A905,Jogador B905
01/01/2021,Arbitro 906,Local 906,Time A906,0,Time B906,0,Jogador A906,Jogador B906
01/01/2021,Arbitro 907,Local 907,Time A907,1,Time B907,1,Jogador A907,Jogador B907
01/01/2021,Arbitro 908,Local 908,Time A908,0,Time B908,2,Jogador A908,Jogador B908
01/01/2021,Arbitro 909,Local 909,Time A909,1,Time B909,0,Jogador A909,Jogador B909
01/01/2021,Arbitro 910,Local 910,Time A910,0,Time B910,1,Jogador A910,Jogador B910
01/01/2021,Arbitro 911,Local 911,Time A911,1,Time B911,2,Jogador A911,Jogador B911
01/01/2021,Arbitro 912,Local 912,Time A912,0,Time B912,0,Jogador A912,Jogador B912
01/01/2021,Arbitro 913,Local 913,Time A913,1,Time B913,1,Jogador A913,Jogador B913
01/01/2021,Arbitro 914,Local 914,Time A914,0,Time B914,2,Jogador A914,Jogador B914
01/01/2021,Arbitro 915,Local 915,Time A915,1,Time B915,0,Jogador A915,Jogador B915
01/01/2021,Arbitro 916,Local 916,Time A916,0,Time B916,1,Jogador A916,Jogador B916
01/01/2021,Arbitro 917,Local 917,Time A917,1,Time B917,2,Jogador A917,Jogador B917
01/01/2021,Arbitro 918,Local 918,Time A918,0,Time B918,0,Jogador A918,Jogador B918
01/01/2021,Arbitro 919,Local 919,Time A919,1,Time B919,1,Jogador A919,Jogador B919
01/01/2021,Arbitro 920,Local 920,Time A920,0,Time B920,2,Jogador A920,Jogador B920
01/01/2021,Arbitro 921,Local 921,Time A921,1,Time B921,0,Jogador A921,Jogador B921
01/01/2021,Arbitro 922,Local 922,Time A922,0,Time B922,1,Jogador A922,Jogador B922
01/01/2021,Arbitro 923,Local 923,Time A923,1,Time B923,2,Jogador A923,Jogador B923
01/01/2021,Arbitro 924,Local 924,Time A924,0,Time B924,0,Jogador A924,Jogador B924
01/01/2021,Arbitro 925,Local 925,Time A925,1,Time B925,1,Jogador A925,Jogador B925
01/01/2021,Arbitro 926,Local 926,Time A926,0,Time B926,2,Jogador A926,Jogador B926
01/01/2021,Arbitro 927,Local 927,Time A927,1,Time B927,0,Jogador A927,Jogador B927
01/01/2021,Arbitro 928,Local 928,Time A928,0,Time B928,1,Jogador A928,Jogador B928
01/01/2021,Arbitro 929,Local 929,Time A929,1,Time B929,2,Jogador A929,Jogador B929
01/01/2021,Arbitro 930,Local 930,Time A930,0,Time B930,0,Jogador A930,Jogador B930
01/01/2021,Arbitro 931,Local 931,Time A931,1,Time B931,1,Jogador A931,Jogador B931
01/01/2021,Arbitro 932,Local 932,Time A932,0,Time B932,2,Jogador A932,Jogador B932
01/01/2021,Arbitro 933,Local 933,Time A933,1,Time B933,0,Jogador A933,Jogador B933
01/01/2021,Arbitro 934,Local 934,Time A934,0,Time B934,1,Jogador A934,Jogador B934
01/01/2021,Arbitro 935,Local 935,Time A935,1,Time B935,2,Jogador A935,Jogador B935
01/01/2021,Arbitro 936,Local 936,Time A936,0,Time B936,0,Jogador A936,Jogador B936
01/01/2021,Arbitro 937,Local 937,Time A937,1,Time B937,1,Jogador A937,Jogador B937
01/01/2021,Arbitro 938,Local 938,Time A938,0,Time B938,2,Jogador A938,Jogador B938
01/01/2021,Arbitro 939,Local 939,Time A939,1,Time B939,0,Jogador A939,Jogador B939
01/01/2021,Arbitro 940,Local 940,Time A940,0,Time B940,1,Jogador A940,Jogador B940
01/01/2021,Arbitro 941,Local 941,Time A941,1,Time B941,2,Jogador A941,Jogador B941
01/01/2021,Arbitro 942,Local 942,Time A942,0,Time B942,0,Jogador A942,Jogador B942
01/01/2021,Arbitro 943,Local 943,Time A943,1,Time B943,1,Jogador A943,Jogador B943
01/01/2021,Arbitro 944,Local 944,Time A944,0,Time B944,2,Jogador A944,Jogador B944
01/01/2021,Arbitro 945,Local 945,Time A945,1,Time B945,0,Jogador A945,Jogador B945
01/01/2021,Arbitro 946,Local 946,Time A946,0,Time B946,1,Jogador A946,Jogador B946
01/01/2021,Arbitro 947,Local 947,Time A947,1,Time B947,2,Jogador A947,Jogador B947
01/01/2021,Arbitro 948,Local 948,Time A948,0,Time B948,0,Jogador A948,Jogador B948
01/01/2021,Arbitro 949,Local 949,Time A949,1,Time B949,1,Jogador A949,Jogador B949
01/01/2021,Arbitro 950,Local 950,Time A950,0,Time B950,2,Jogador A950,Jogador B950
01/01/2021,Arbitro 951,Local 951,Time A951,1,Time B951,0,Jogador A951,Jogador B951
01/01/2021,Arbitro 952,Local 952,Time A952,0,Time B952,1,Jogador A952,Jogador B952
01/01/2021,Arbitro 953,Local 953,Time A953,1,Time B953,2,Jogador A953,Jogador B953
01/01/2021,Arbitro 954,Local 954,Time A954,0,Time B954,0,Jogador A954,Jogador B954
01/01/2021,Arbitro 955,Local 955,Time A955,1,Time B955,1,Jogador A955,Jogador B955
01/01/2021,Arbitro 956,Local 956,Time A956,0,Time B956,2,Jogador A956,Jogador B956
01/01/2021,Arbitro 957,Local 957,Time A957,1,Time B957,0,Jogador A957,Jogador B957
01/01/2021,Arbitro 958,Local 958,Time A958,0,Time B958,1,Jogador A958,Jogador B958
01/01/2021,Arbitro 959,Local 959,Time A959,1,Time B959,2,Jogador A959,Jogador B959
01/01/2021,Arbitro 960,Local 960,Time A960,0,Time B960,0,Jogador A960,Jogador B960
01/01/2021,Arbitro 961,Local 961,Time A961,1,Time B961,1,Jogador A961,Jogador B961
01/01/2021,Arbitro 962,Local 962,Time A962,0,Time B962,2,Jogador A962,Jogador B962
01/01/2021,Arbitro 963,Local 963,Time A963,1,Time B963,0,Jogador A963,Jogador B963
01/01/2021,Arbitro 964,Local 964,Time A964,0,Time B964,1,Jogador A964,Jogador B964
01/01/2021,Arbitro 965,Local 965,Time A965,1,Time B965,2,Jogador A965,Jogador B965
01/01/2021,Arbitro 966,Local 966,Time A966,0,Time B966,0,Jogador A966,Jogador B966
01/01/2021,Arbitro 967,Local 967,Time A967,1,Time B967,1,Jogador A967,Jogador B967
01/01/2021,Arbitro 968,Local 968,Time A968,0,Time B968,2,Jogador A968,Jogador B968
01/01/2021,Arbitro 969,Local 969,Time A969,1,Time B969,0,Jogador A969,Jogador B969
01/01/2021,Arbitro 970,Local 970,Time A970,0,Time B970,1,Jogador A970,Jogador B970
01/01/2021,Arbitro 971,Local 971,Time A971,1,Time B971,2,Jogador A971,Jogador B971
01/01/2021,Arbitro 972,Local 972,Time A972,0,Time B972,0,Jogador A972,Jogador B972
01/01/2021,Arbitro 973,Local 973,Time A973,1,Time B973,1,Jogador A973,Jogador B973
01/01/2021,Arbitro 974,Local 974,Time A974,0,Time B974,2,Jogador A974,Jogador B974
01/01/2021,Arbitro 975,Local 975,Time A975,1,Time B975,0,Jogador A975,Jogador B975
01/01/2021,Arbitro 976,Local 976,Time A976,0,Time B976,1,Jogador A976,Jogador B976
01/01/2021,Arbitro 977,Local 977,Time A977,1,Time B977,2,Jogador A977,Jogador B977
01/01/2021,Arbitro 978,Local 978,Time A978,0,Time B978,0,Jogador A978,Jogador B978
01/01/2021,Arbitro 979,Local 979,Time A979,1,Time B979,1,Jogador A979,Jogador B979
01/01/2021,Arbitro 980,Local 980,Time A980,0,Time B980,2,Jogador A980,Jogador B980
01/01/2021,Arbitro 981,Local 981,Time A981,1,Time B981,0,Jogador A981,Jogador B981
01/01/2021,Arbitro 982,Local 982,Time A982,0,Time B982,1,Jogador A982,Jogador B982
01/01/2021,Arbitro 983,Local 983,Time A983,1,Time B983,2,Jogador A983,Jogador B983
01/01/2021,Arbitro 984,Local 984,Time A984,0,Time B984,0,Jogador A984,Jogador B984
01/01/2021,Arbitro 985,Local 985,Time A985,1,Time B985,1,Jogador A985,Jogador B985
01/01/2021,Arbitro 986,Local 986,Time A986,0,Time B986,2,Jogador A986,Jogador B986
01/01/2021,Arbitro 987,Local 987,Time A987,1,Time B987,0,Jogador A987,Jogador B987
01/01/2021,Arbitro 988,Local 988,Time A988,0,Time B988,1,Jogador A988,Jogador B988
01/01/2021,Arbitro 989,Local 989,Time A989,1,Time B989,2,Jogador A989,Jogador B989
01/01/2021,Arbitro 990,Local 990,Time A990,0,Time B990,0,Jogador A990,Jogador B990
01/01/2021,Arbitro 991,Local 991,Time A991,1,Time B991,1,Jogador A991,Jogador B991
01/01/2021,Arbitro 992,Local 992,Time A992,0,Time B992,2,Jogador A992,Jogador B992
01/01/2021,Arbitro 993,Local 993,Time A993,1,Time B993,0,Jogador A993,Jogador B993
01/01/2021,Arbitro 994,Local 994,Time A994,0,Time B994,1,Jogador A994,Jogador B994
01/01/2021,Arbitro 995,Local 995,Time A995,1,Time B995,2,Jogador A995,Jogador B995
01/01/2021,Arbitro 996,Local 996,Time A996,0,Time B996,0,Jogador A996,Jogador B996
01/01/2021,Arbitro 997,Local 997,Time A997,1,Time B997,1,Jogador A997,Jogador B997
01/01/2021,Arbitro 998,Local 998,Time A998,0,Time B998,2,Jogador A998,Jogador B998
01/01/2021,Arbitro 999,Local 999,Time A999,1,Time B999,0,Jogador A999,Jogador B999
01/01/2021,Arbitro 1000,Local 1000,Time A1000,0,Time B1000,1,Jogador A1000,Jogador B1000
